"card","released_at","set","set_name","collector_number","scryfall_uri"
"Forest","1993-08-05","lea","Limited Edition Alpha","294","https://scryfall.com/card/lea/294/forest?utm_source=api"
"Forest","1993-08-05","lea","Limited Edition Alpha","295","https://scryfall.com/card/lea/295/forest?utm_source=api"
"Forest","1993-10-04","leb","Limited Edition Beta","300","https://scryfall.com/card/leb/300/forest?utm_source=api"
"Forest","1993-10-04","leb","Limited Edition Beta","301","https://scryfall.com/card/leb/301/forest?utm_source=api"
"Forest","1993-10-04","leb","Limited Edition Beta","302","https://scryfall.com/card/leb/302/forest?utm_source=api"
"Forest","1993-12-01","2ed","Unlimited Edition","300","https://scryfall.com/card/2ed/300/forest?utm_source=api"
"Forest","1993-12-01","2ed","Unlimited Edition","301","https://scryfall.com/card/2ed/301/forest?utm_source=api"
"Forest","1993-12-01","2ed","Unlimited Edition","302","https://scryfall.com/card/2ed/302/forest?utm_source=api"
"Forest","1993-12-10","ced","Collectors' Edition","300","https://scryfall.com/card/ced/300/forest?utm_source=api"
"Forest","1993-12-10","ced","Collectors' Edition","301","https://scryfall.com/card/ced/301/forest?utm_source=api"
"Forest","1993-12-10","ced","Collectors' Edition","302","https://scryfall.com/card/ced/302/forest?utm_source=api"
"Forest","1993-12-10","cei","Intl. Collectors' Edition","300","https://scryfall.com/card/cei/300/forest?utm_source=api"
"Forest","1993-12-10","cei","Intl. Collectors' Edition","301","https://scryfall.com/card/cei/301/forest?utm_source=api"
"Forest","1993-12-10","cei","Intl. Collectors' Edition","302","https://scryfall.com/card/cei/302/forest?utm_source=api"
"Forest","1994-04-11","3ed","Revised Edition","304","https://scryfall.com/card/3ed/304/forest?utm_source=api"
"Forest","1994-04-11","3ed","Revised Edition","305","https://scryfall.com/card/3ed/305/forest?utm_source=api"
"Forest","1994-04-11","3ed","Revised Edition","306","https://scryfall.com/card/3ed/306/forest?utm_source=api"
"Forest","1994-06-21","sum","Summer Magic / Edgar","304","https://scryfall.com/card/sum/304/forest?utm_source=api"
"Forest","1994-06-21","sum","Summer Magic / Edgar","305","https://scryfall.com/card/sum/305/forest?utm_source=api"
"Forest","1994-06-21","sum","Summer Magic / Edgar","306","https://scryfall.com/card/sum/306/forest?utm_source=api"
"Forest","1995-04-01","4ed","Fourth Edition","376","https://scryfall.com/card/4ed/376/forest?utm_source=api"
"Forest","1995-04-01","4ed","Fourth Edition","377","https://scryfall.com/card/4ed/377/forest?utm_source=api"
"Forest","1995-04-01","4ed","Fourth Edition","378","https://scryfall.com/card/4ed/378/forest?utm_source=api"
"Forest","1995-06-03","ice","Ice Age","380","https://scryfall.com/card/ice/380/forest?utm_source=api"
"Forest","1995-06-03","ice","Ice Age","381","https://scryfall.com/card/ice/381/forest?utm_source=api"
"Forest","1995-06-03","ice","Ice Age","382","https://scryfall.com/card/ice/382/forest?utm_source=api"
"Snow-Covered Forest","1995-06-03","ice","Ice Age","383","https://scryfall.com/card/ice/383/snow-covered-forest?utm_source=api"
"Forest","1996-05-01","ptc","Pro Tour Collector Set","bl376","https://scryfall.com/card/ptc/bl376/forest?utm_source=api"
"Forest","1996-05-01","ptc","Pro Tour Collector Set","bl377","https://scryfall.com/card/ptc/bl377/forest?utm_source=api"
"Forest","1996-05-01","ptc","Pro Tour Collector Set","bl378","https://scryfall.com/card/ptc/bl378/forest?utm_source=api"
"Forest","1996-05-01","ptc","Pro Tour Collector Set","pp376","https://scryfall.com/card/ptc/pp376/forest?utm_source=api"
"Forest","1996-05-01","ptc","Pro Tour Collector Set","pp377","https://scryfall.com/card/ptc/pp377/forest?utm_source=api"
"Forest","1996-05-01","ptc","Pro Tour Collector Set","pp378","https://scryfall.com/card/ptc/pp378/forest?utm_source=api"
"Forest","1996-07-01","rqs","Rivals Quick Start Set","63","https://scryfall.com/card/rqs/63/forest?utm_source=api"
"Forest","1996-07-01","rqs","Rivals Quick Start Set","64","https://scryfall.com/card/rqs/64/forest?utm_source=api"
"Forest","1996-07-01","rqs","Rivals Quick Start Set","65","https://scryfall.com/card/rqs/65/forest?utm_source=api"
"Forest","1996-08-02","parl","Arena League 1996","5","https://scryfall.com/card/parl/5/forest?utm_source=api"
"Forest","1996-10-08","mir","Mirage","347","https://scryfall.com/card/mir/347/forest?utm_source=api"
"Forest","1996-10-08","mir","Mirage","348","https://scryfall.com/card/mir/348/forest?utm_source=api"
"Forest","1996-10-08","mir","Mirage","349","https://scryfall.com/card/mir/349/forest?utm_source=api"
"Forest","1996-10-08","mir","Mirage","350","https://scryfall.com/card/mir/350/forest?utm_source=api"
"Forest","1996-12-31","itp","Introductory Two-Player Set","65","https://scryfall.com/card/itp/65/forest?utm_source=api"
"Forest","1996-12-31","itp","Introductory Two-Player Set","66","https://scryfall.com/card/itp/66/forest?utm_source=api"
"Forest","1996-12-31","itp","Introductory Two-Player Set","67","https://scryfall.com/card/itp/67/forest?utm_source=api"
"Forest","1997-03-24","5ed","Fifth Edition","446","https://scryfall.com/card/5ed/446/forest?utm_source=api"
"Forest","1997-03-24","5ed","Fifth Edition","447","https://scryfall.com/card/5ed/447/forest?utm_source=api"
"Forest","1997-03-24","5ed","Fifth Edition","448","https://scryfall.com/card/5ed/448/forest?utm_source=api"
"Forest","1997-03-24","5ed","Fifth Edition","449","https://scryfall.com/card/5ed/449/forest?utm_source=api"
"Forest","1997-05-01","por","Portal","212","https://scryfall.com/card/por/212/forest?utm_source=api"
"Forest","1997-05-01","por","Portal","213","https://scryfall.com/card/por/213/forest?utm_source=api"
"Forest","1997-05-01","por","Portal","214","https://scryfall.com/card/por/214/forest?utm_source=api"
"Forest","1997-05-01","por","Portal","215","https://scryfall.com/card/por/215/forest?utm_source=api"
"Forest","1997-05-30","olep","Oversized League Prizes","5","https://scryfall.com/card/olep/5/forest?utm_source=api"
"Forest","1997-08-13","wc97","World Championship Decks 1997","sg446","https://scryfall.com/card/wc97/sg446/forest?utm_source=api"
"Forest","1997-08-13","wc97","World Championship Decks 1997","sg447","https://scryfall.com/card/wc97/sg447/forest?utm_source=api"
"Forest","1997-08-13","wc97","World Championship Decks 1997","sg448","https://scryfall.com/card/wc97/sg448/forest?utm_source=api"
"Forest","1997-08-13","wc97","World Championship Decks 1997","sg449","https://scryfall.com/card/wc97/sg449/forest?utm_source=api"
"Forest","1997-10-14","tmp","Tempest","347","https://scryfall.com/card/tmp/347/forest?utm_source=api"
"Forest","1997-10-14","tmp","Tempest","348","https://scryfall.com/card/tmp/348/forest?utm_source=api"
"Forest","1997-10-14","tmp","Tempest","349","https://scryfall.com/card/tmp/349/forest?utm_source=api"
"Forest","1997-10-14","tmp","Tempest","350","https://scryfall.com/card/tmp/350/forest?utm_source=api"
"Forest","1998-06-24","p02","Portal Second Age","163","https://scryfall.com/card/p02/163/forest?utm_source=api"
"Forest","1998-06-24","p02","Portal Second Age","164","https://scryfall.com/card/p02/164/forest?utm_source=api"
"Forest","1998-06-24","p02","Portal Second Age","165","https://scryfall.com/card/p02/165/forest?utm_source=api"
"Forest","1998-08-11","ugl","Unglued","88","https://scryfall.com/card/ugl/88/forest?utm_source=api"
"Forest","1998-08-12","wc98","World Championship Decks 1998","bs347","https://scryfall.com/card/wc98/bs347/forest?utm_source=api"
"Forest","1998-08-12","wc98","World Championship Decks 1998","bs348","https://scryfall.com/card/wc98/bs348/forest?utm_source=api"
"Forest","1998-08-12","wc98","World Championship Decks 1998","bs349","https://scryfall.com/card/wc98/bs349/forest?utm_source=api"
"Forest","1998-08-12","wc98","World Championship Decks 1998","bs350","https://scryfall.com/card/wc98/bs350/forest?utm_source=api"
"Forest","1998-09-01","palp","Asia Pacific Land Program","1","https://scryfall.com/card/palp/1/forest?utm_source=api"
"Forest","1998-09-01","palp","Asia Pacific Land Program","11","https://scryfall.com/card/palp/11/forest?utm_source=api"
"Forest","1998-09-01","palp","Asia Pacific Land Program","6","https://scryfall.com/card/palp/6/forest?utm_source=api"
"Forest","1998-10-12","usg","Urza's Saga","347","https://scryfall.com/card/usg/347/forest?utm_source=api"
"Forest","1998-10-12","usg","Urza's Saga","348","https://scryfall.com/card/usg/348/forest?utm_source=api"
"Forest","1998-10-12","usg","Urza's Saga","349","https://scryfall.com/card/usg/349/forest?utm_source=api"
"Forest","1998-10-12","usg","Urza's Saga","350","https://scryfall.com/card/usg/350/forest?utm_source=api"
"Forest","1998-11-01","ath","Anthologies","84","https://scryfall.com/card/ath/84/forest?utm_source=api"
"Forest","1998-11-01","ath","Anthologies","85","https://scryfall.com/card/ath/85/forest?utm_source=api"
"Forest","1999-01-01","pal99","Arena League 1999","1","https://scryfall.com/card/pal99/1/forest?utm_source=api"
"Forest","1999-04-21","6ed","Classic Sixth Edition","347","https://scryfall.com/card/6ed/347/forest?utm_source=api"
"Forest","1999-04-21","6ed","Classic Sixth Edition","348","https://scryfall.com/card/6ed/348/forest?utm_source=api"
"Forest","1999-04-21","6ed","Classic Sixth Edition","349","https://scryfall.com/card/6ed/349/forest?utm_source=api"
"Forest","1999-04-21","6ed","Classic Sixth Edition","350","https://scryfall.com/card/6ed/350/forest?utm_source=api"
"Forest","1999-05-01","ptk","Portal Three Kingdoms","178","https://scryfall.com/card/ptk/178/forest?utm_source=api"
"Forest","1999-05-01","ptk","Portal Three Kingdoms","179","https://scryfall.com/card/ptk/179/forest?utm_source=api"
"Forest","1999-05-01","ptk","Portal Three Kingdoms","180","https://scryfall.com/card/ptk/180/forest?utm_source=api"
"Forest","1999-07-01","s99","Starter 1999","170","https://scryfall.com/card/s99/170/forest?utm_source=api"
"Forest","1999-07-01","s99","Starter 1999","171","https://scryfall.com/card/s99/171/forest?utm_source=api"
"Forest","1999-07-01","s99","Starter 1999","172","https://scryfall.com/card/s99/172/forest?utm_source=api"
"Forest","1999-07-01","s99","Starter 1999","173","https://scryfall.com/card/s99/173/forest?utm_source=api"
"Forest","1999-07-12","pgru","Guru","5","https://scryfall.com/card/pgru/5/forest?utm_source=api"
"Forest","1999-08-04","wc99","World Championship Decks 1999","ml347a","https://scryfall.com/card/wc99/ml347a/forest?utm_source=api"
"Forest","1999-08-04","wc99","World Championship Decks 1999","ml347b","https://scryfall.com/card/wc99/ml347b/forest?utm_source=api"
"Forest","1999-08-04","wc99","World Championship Decks 1999","ml349","https://scryfall.com/card/wc99/ml349/forest?utm_source=api"
"Forest","1999-10-04","mmq","Mercadian Masques","347","https://scryfall.com/card/mmq/347/forest?utm_source=api"
"Forest","1999-10-04","mmq","Mercadian Masques","348","https://scryfall.com/card/mmq/348/forest?utm_source=api"
"Forest","1999-10-04","mmq","Mercadian Masques","349","https://scryfall.com/card/mmq/349/forest?utm_source=api"
"Forest","1999-10-04","mmq","Mercadian Masques","350","https://scryfall.com/card/mmq/350/forest?utm_source=api"
"Forest","1999-11-12","brb","Battle Royale Box Set","101","https://scryfall.com/card/brb/101/forest?utm_source=api"
"Forest","1999-11-12","brb","Battle Royale Box Set","102","https://scryfall.com/card/brb/102/forest?utm_source=api"
"Forest","1999-11-12","brb","Battle Royale Box Set","103","https://scryfall.com/card/brb/103/forest?utm_source=api"
"Forest","1999-11-12","brb","Battle Royale Box Set","104","https://scryfall.com/card/brb/104/forest?utm_source=api"
"Forest","1999-11-12","brb","Battle Royale Box Set","105","https://scryfall.com/card/brb/105/forest?utm_source=api"
"Forest","1999-11-12","brb","Battle Royale Box Set","106","https://scryfall.com/card/brb/106/forest?utm_source=api"
"Forest","1999-11-12","brb","Battle Royale Box Set","107","https://scryfall.com/card/brb/107/forest?utm_source=api"
"Forest","1999-11-12","brb","Battle Royale Box Set","108","https://scryfall.com/card/brb/108/forest?utm_source=api"
"Forest","1999-11-12","brb","Battle Royale Box Set","109","https://scryfall.com/card/brb/109/forest?utm_source=api"
"Forest","2000-01-01","pal00","Arena League 2000","12","https://scryfall.com/card/pal00/12/forest?utm_source=api"
"Forest","2000-02-05","pelp","European Land Program","1","https://scryfall.com/card/pelp/1/forest?utm_source=api"
"Forest","2000-02-05","pelp","European Land Program","11","https://scryfall.com/card/pelp/11/forest?utm_source=api"
"Forest","2000-02-05","pelp","European Land Program","6","https://scryfall.com/card/pelp/6/forest?utm_source=api"
"Forest","2000-08-02","wc00","World Championship Decks 2000","jk347","https://scryfall.com/card/wc00/jk347/forest?utm_source=api"
"Forest","2000-08-02","wc00","World Championship Decks 2000","nl347","https://scryfall.com/card/wc00/nl347/forest?utm_source=api"
"Forest","2000-10-01","btd","Beatdown Box Set","88","https://scryfall.com/card/btd/88/forest?utm_source=api"
"Forest","2000-10-01","btd","Beatdown Box Set","89","https://scryfall.com/card/btd/89/forest?utm_source=api"
"Forest","2000-10-01","btd","Beatdown Box Set","90","https://scryfall.com/card/btd/90/forest?utm_source=api"
"Forest","2000-10-02","inv","Invasion","347","https://scryfall.com/card/inv/347/forest?utm_source=api"
"Forest","2000-10-02","inv","Invasion","348","https://scryfall.com/card/inv/348/forest?utm_source=api"
"Forest","2000-10-02","inv","Invasion","349","https://scryfall.com/card/inv/349/forest?utm_source=api"
"Forest","2000-10-02","inv","Invasion","350","https://scryfall.com/card/inv/350/forest?utm_source=api"
"Forest","2001-01-01","pal01","Arena League 2001","1","https://scryfall.com/card/pal01/1/forest?utm_source=api"
"Forest","2001-01-01","pal01","Arena League 2001","11","https://scryfall.com/card/pal01/11/forest?utm_source=api"
"Forest","2001-04-11","7ed","Seventh Edition","328","https://scryfall.com/card/7ed/328/forest?utm_source=api"
"Forest","2001-04-11","7ed","Seventh Edition","328★","https://scryfall.com/card/7ed/328%E2%98%85/forest?utm_source=api"
"Forest","2001-04-11","7ed","Seventh Edition","329","https://scryfall.com/card/7ed/329/forest?utm_source=api"
"Forest","2001-04-11","7ed","Seventh Edition","329★","https://scryfall.com/card/7ed/329%E2%98%85/forest?utm_source=api"
"Forest","2001-04-11","7ed","Seventh Edition","330","https://scryfall.com/card/7ed/330/forest?utm_source=api"
"Forest","2001-04-11","7ed","Seventh Edition","330★","https://scryfall.com/card/7ed/330%E2%98%85/forest?utm_source=api"
"Forest","2001-04-11","7ed","Seventh Edition","331","https://scryfall.com/card/7ed/331/forest?utm_source=api"
"Forest","2001-04-11","7ed","Seventh Edition","331★","https://scryfall.com/card/7ed/331%E2%98%85/forest?utm_source=api"
"Forest","2001-08-08","wc01","World Championship Decks 2001","jt328","https://scryfall.com/card/wc01/jt328/forest?utm_source=api"
"Forest","2001-08-08","wc01","World Championship Decks 2001","jt329","https://scryfall.com/card/wc01/jt329/forest?utm_source=api"
"Forest","2001-08-08","wc01","World Championship Decks 2001","jt347","https://scryfall.com/card/wc01/jt347/forest?utm_source=api"
"Forest","2001-08-08","wc01","World Championship Decks 2001","jt347a","https://scryfall.com/card/wc01/jt347a/forest?utm_source=api"
"Forest","2001-08-08","wc01","World Championship Decks 2001","jt348","https://scryfall.com/card/wc01/jt348/forest?utm_source=api"
"Forest","2001-08-08","wc01","World Championship Decks 2001","jt348a","https://scryfall.com/card/wc01/jt348a/forest?utm_source=api"
"Forest","2001-08-08","wc01","World Championship Decks 2001","jt349","https://scryfall.com/card/wc01/jt349/forest?utm_source=api"
"Forest","2001-08-08","wc01","World Championship Decks 2001","jt349a","https://scryfall.com/card/wc01/jt349a/forest?utm_source=api"
"Forest","2001-10-01","ody","Odyssey","347","https://scryfall.com/card/ody/347/forest?utm_source=api"
"Forest","2001-10-01","ody","Odyssey","348","https://scryfall.com/card/ody/348/forest?utm_source=api"
"Forest","2001-10-01","ody","Odyssey","349","https://scryfall.com/card/ody/349/forest?utm_source=api"
"Forest","2001-10-01","ody","Odyssey","350","https://scryfall.com/card/ody/350/forest?utm_source=api"
"Forest","2001-12-01","dkm","Deckmasters","48","https://scryfall.com/card/dkm/48/forest?utm_source=api"
"Forest","2001-12-01","dkm","Deckmasters","49","https://scryfall.com/card/dkm/49/forest?utm_source=api"
"Forest","2001-12-01","dkm","Deckmasters","50","https://scryfall.com/card/dkm/50/forest?utm_source=api"
"Forest","2002-10-07","ons","Onslaught","347","https://scryfall.com/card/ons/347/forest?utm_source=api"
"Forest","2002-10-07","ons","Onslaught","348","https://scryfall.com/card/ons/348/forest?utm_source=api"
"Forest","2002-10-07","ons","Onslaught","349","https://scryfall.com/card/ons/349/forest?utm_source=api"
"Forest","2002-10-07","ons","Onslaught","350","https://scryfall.com/card/ons/350/forest?utm_source=api"
"Forest","2002-12-01","wc02","World Championship Decks 2002","bk328","https://scryfall.com/card/wc02/bk328/forest?utm_source=api"
"Forest","2002-12-01","wc02","World Championship Decks 2002","bk329","https://scryfall.com/card/wc02/bk329/forest?utm_source=api"
"Forest","2002-12-01","wc02","World Championship Decks 2002","bk330","https://scryfall.com/card/wc02/bk330/forest?utm_source=api"
"Forest","2002-12-01","wc02","World Championship Decks 2002","bk331","https://scryfall.com/card/wc02/bk331/forest?utm_source=api"
"Forest","2002-12-01","wc02","World Championship Decks 2002","bk347","https://scryfall.com/card/wc02/bk347/forest?utm_source=api"
"Forest","2002-12-01","wc02","World Championship Decks 2002","bk348","https://scryfall.com/card/wc02/bk348/forest?utm_source=api"
"Forest","2002-12-01","wc02","World Championship Decks 2002","bk349","https://scryfall.com/card/wc02/bk349/forest?utm_source=api"
"Forest","2002-12-01","wc02","World Championship Decks 2002","rl328","https://scryfall.com/card/wc02/rl328/forest?utm_source=api"
"Forest","2002-12-01","wc02","World Championship Decks 2002","rl329","https://scryfall.com/card/wc02/rl329/forest?utm_source=api"
"Forest","2002-12-01","wc02","World Championship Decks 2002","rl330","https://scryfall.com/card/wc02/rl330/forest?utm_source=api"
"Forest","2002-12-01","wc02","World Championship Decks 2002","rl331","https://scryfall.com/card/wc02/rl331/forest?utm_source=api"
"Forest","2002-12-01","wc02","World Championship Decks 2002","rl347","https://scryfall.com/card/wc02/rl347/forest?utm_source=api"
"Forest","2002-12-01","wc02","World Championship Decks 2002","rl348","https://scryfall.com/card/wc02/rl348/forest?utm_source=api"
"Forest","2002-12-01","wc02","World Championship Decks 2002","rl349","https://scryfall.com/card/wc02/rl349/forest?utm_source=api"
"Forest","2002-12-01","wc02","World Championship Decks 2002","rl350","https://scryfall.com/card/wc02/rl350/forest?utm_source=api"
"Forest","2002-12-01","wc02","World Championship Decks 2002","shh328","https://scryfall.com/card/wc02/shh328/forest?utm_source=api"
"Forest","2002-12-01","wc02","World Championship Decks 2002","shh329","https://scryfall.com/card/wc02/shh329/forest?utm_source=api"
"Forest","2002-12-01","wc02","World Championship Decks 2002","shh330","https://scryfall.com/card/wc02/shh330/forest?utm_source=api"
"Forest","2002-12-01","wc02","World Championship Decks 2002","shh331","https://scryfall.com/card/wc02/shh331/forest?utm_source=api"
"Forest","2002-12-01","wc02","World Championship Decks 2002","shh347","https://scryfall.com/card/wc02/shh347/forest?utm_source=api"
"Forest","2002-12-01","wc02","World Championship Decks 2002","shh348","https://scryfall.com/card/wc02/shh348/forest?utm_source=api"
"Forest","2002-12-01","wc02","World Championship Decks 2002","shh349","https://scryfall.com/card/wc02/shh349/forest?utm_source=api"
"Forest","2002-12-01","wc02","World Championship Decks 2002","shh350","https://scryfall.com/card/wc02/shh350/forest?utm_source=api"
"Forest","2003-01-01","pal03","Arena League 2003","5","https://scryfall.com/card/pal03/5/forest?utm_source=api"
"Forest","2003-07-28","8ed","Eighth Edition","347","https://scryfall.com/card/8ed/347/forest?utm_source=api"
"Forest","2003-07-28","8ed","Eighth Edition","347★","https://scryfall.com/card/8ed/347%E2%98%85/forest?utm_source=api"
"Forest","2003-07-28","8ed","Eighth Edition","348","https://scryfall.com/card/8ed/348/forest?utm_source=api"
"Forest","2003-07-28","8ed","Eighth Edition","348★","https://scryfall.com/card/8ed/348%E2%98%85/forest?utm_source=api"
"Forest","2003-07-28","8ed","Eighth Edition","349","https://scryfall.com/card/8ed/349/forest?utm_source=api"
"Forest","2003-07-28","8ed","Eighth Edition","349★","https://scryfall.com/card/8ed/349%E2%98%85/forest?utm_source=api"
"Forest","2003-07-28","8ed","Eighth Edition","350","https://scryfall.com/card/8ed/350/forest?utm_source=api"
"Forest","2003-07-28","8ed","Eighth Edition","350★","https://scryfall.com/card/8ed/350%E2%98%85/forest?utm_source=api"
"Forest","2003-08-06","wc03","World Championship Decks 2003","dh348","https://scryfall.com/card/wc03/dh348/forest?utm_source=api"
"Forest","2003-08-06","wc03","World Championship Decks 2003","dh349","https://scryfall.com/card/wc03/dh349/forest?utm_source=api"
"Forest","2003-08-06","wc03","World Championship Decks 2003","dh350","https://scryfall.com/card/wc03/dh350/forest?utm_source=api"
"Forest","2003-08-06","wc03","World Championship Decks 2003","dz347","https://scryfall.com/card/wc03/dz347/forest?utm_source=api"
"Forest","2003-08-06","wc03","World Championship Decks 2003","dz348","https://scryfall.com/card/wc03/dz348/forest?utm_source=api"
"Forest","2003-08-06","wc03","World Championship Decks 2003","dz349","https://scryfall.com/card/wc03/dz349/forest?utm_source=api"
"Forest","2003-10-02","mrd","Mirrodin","303","https://scryfall.com/card/mrd/303/forest?utm_source=api"
"Forest","2003-10-02","mrd","Mirrodin","304","https://scryfall.com/card/mrd/304/forest?utm_source=api"
"Forest","2003-10-02","mrd","Mirrodin","305","https://scryfall.com/card/mrd/305/forest?utm_source=api"
"Forest","2003-10-02","mrd","Mirrodin","306","https://scryfall.com/card/mrd/306/forest?utm_source=api"
"Forest","2004-01-01","pal04","Arena League 2004","5","https://scryfall.com/card/pal04/5/forest?utm_source=api"
"Forest","2004-09-01","wc04","World Championship Decks 2004","jn347","https://scryfall.com/card/wc04/jn347/forest?utm_source=api"
"Forest","2004-09-01","wc04","World Championship Decks 2004","jn348","https://scryfall.com/card/wc04/jn348/forest?utm_source=api"
"Forest","2004-09-01","wc04","World Championship Decks 2004","jn350","https://scryfall.com/card/wc04/jn350/forest?utm_source=api"
"Forest","2004-10-01","chk","Champions of Kamigawa","303","https://scryfall.com/card/chk/303/forest?utm_source=api"
"Forest","2004-10-01","chk","Champions of Kamigawa","304","https://scryfall.com/card/chk/304/forest?utm_source=api"
"Forest","2004-10-01","chk","Champions of Kamigawa","305","https://scryfall.com/card/chk/305/forest?utm_source=api"
"Forest","2004-10-01","chk","Champions of Kamigawa","306","https://scryfall.com/card/chk/306/forest?utm_source=api"
"Forest","2004-11-19","unh","Unhinged","140","https://scryfall.com/card/unh/140/forest?utm_source=api"
"Forest","2005-01-01","pal05","Arena League 2005","5","https://scryfall.com/card/pal05/5/forest?utm_source=api"
"Forest","2005-07-29","9ed","Ninth Edition","347","https://scryfall.com/card/9ed/347/forest?utm_source=api"
"Forest","2005-07-29","9ed","Ninth Edition","347★","https://scryfall.com/card/9ed/347%E2%98%85/forest?utm_source=api"
"Forest","2005-07-29","9ed","Ninth Edition","348","https://scryfall.com/card/9ed/348/forest?utm_source=api"
"Forest","2005-07-29","9ed","Ninth Edition","348★","https://scryfall.com/card/9ed/348%E2%98%85/forest?utm_source=api"
"Forest","2005-07-29","9ed","Ninth Edition","349","https://scryfall.com/card/9ed/349/forest?utm_source=api"
"Forest","2005-07-29","9ed","Ninth Edition","349★","https://scryfall.com/card/9ed/349%E2%98%85/forest?utm_source=api"
"Forest","2005-07-29","9ed","Ninth Edition","350","https://scryfall.com/card/9ed/350/forest?utm_source=api"
"Forest","2005-07-29","9ed","Ninth Edition","350★","https://scryfall.com/card/9ed/350%E2%98%85/forest?utm_source=api"
"Forest","2005-10-07","rav","Ravnica: City of Guilds","303","https://scryfall.com/card/rav/303/forest?utm_source=api"
"Forest","2005-10-07","rav","Ravnica: City of Guilds","304","https://scryfall.com/card/rav/304/forest?utm_source=api"
"Forest","2005-10-07","rav","Ravnica: City of Guilds","305","https://scryfall.com/card/rav/305/forest?utm_source=api"
"Forest","2005-10-07","rav","Ravnica: City of Guilds","306","https://scryfall.com/card/rav/306/forest?utm_source=api"
"Forest","2006-01-01","pal06","Arena League 2006","5","https://scryfall.com/card/pal06/5/forest?utm_source=api"
"Snow-Covered Forest","2006-07-21","csp","Coldsnap","155","https://scryfall.com/card/csp/155/snow-covered-forest?utm_source=api"
"Forest","2006-07-21","cst","Coldsnap Theme Decks","381","https://scryfall.com/card/cst/381/forest?utm_source=api"
"Forest","2006-07-21","cst","Coldsnap Theme Decks","382","https://scryfall.com/card/cst/382/forest?utm_source=api"
"Forest","2006-07-21","cst","Coldsnap Theme Decks","383","https://scryfall.com/card/cst/383/forest?utm_source=api"
"Forest","2006-10-06","tsp","Time Spiral","298","https://scryfall.com/card/tsp/298/forest?utm_source=api"
"Forest","2006-10-06","tsp","Time Spiral","299","https://scryfall.com/card/tsp/299/forest?utm_source=api"
"Forest","2006-10-06","tsp","Time Spiral","300","https://scryfall.com/card/tsp/300/forest?utm_source=api"
"Forest","2006-10-06","tsp","Time Spiral","301","https://scryfall.com/card/tsp/301/forest?utm_source=api"
"Forest","2007-07-13","10e","Tenth Edition","380","https://scryfall.com/card/10e/380/forest?utm_source=api"
"Forest","2007-07-13","10e","Tenth Edition","381","https://scryfall.com/card/10e/381/forest?utm_source=api"
"Forest","2007-07-13","10e","Tenth Edition","382","https://scryfall.com/card/10e/382/forest?utm_source=api"
"Forest","2007-07-13","10e","Tenth Edition","383","https://scryfall.com/card/10e/383/forest?utm_source=api"
"Forest","2007-10-12","lrw","Lorwyn","298","https://scryfall.com/card/lrw/298/forest?utm_source=api"
"Forest","2007-10-12","lrw","Lorwyn","299","https://scryfall.com/card/lrw/299/forest?utm_source=api"
"Forest","2007-10-12","lrw","Lorwyn","300","https://scryfall.com/card/lrw/300/forest?utm_source=api"
"Forest","2007-10-12","lrw","Lorwyn","301","https://scryfall.com/card/lrw/301/forest?utm_source=api"
"Forest","2007-11-16","dd1","Duel Decks: Elves vs. Goblins","28","https://scryfall.com/card/dd1/28/forest?utm_source=api"
"Forest","2007-11-16","dd1","Duel Decks: Elves vs. Goblins","29","https://scryfall.com/card/dd1/29/forest?utm_source=api"
"Forest","2007-11-16","dd1","Duel Decks: Elves vs. Goblins","30","https://scryfall.com/card/dd1/30/forest?utm_source=api"
"Forest","2007-11-16","dd1","Duel Decks: Elves vs. Goblins","31","https://scryfall.com/card/dd1/31/forest?utm_source=api"
"Forest","2008-05-02","shm","Shadowmoor","298","https://scryfall.com/card/shm/298/forest?utm_source=api"
"Forest","2008-05-02","shm","Shadowmoor","299","https://scryfall.com/card/shm/299/forest?utm_source=api"
"Forest","2008-05-02","shm","Shadowmoor","300","https://scryfall.com/card/shm/300/forest?utm_source=api"
"Forest","2008-05-02","shm","Shadowmoor","301","https://scryfall.com/card/shm/301/forest?utm_source=api"
"Forest","2008-10-03","ala","Shards of Alara","246","https://scryfall.com/card/ala/246/forest?utm_source=api"
"Forest","2008-10-03","ala","Shards of Alara","247","https://scryfall.com/card/ala/247/forest?utm_source=api"
"Forest","2008-10-03","ala","Shards of Alara","248","https://scryfall.com/card/ala/248/forest?utm_source=api"
"Forest","2008-10-03","ala","Shards of Alara","249","https://scryfall.com/card/ala/249/forest?utm_source=api"
"Forest","2009-07-17","m10","Magic 2010","246","https://scryfall.com/card/m10/246/forest?utm_source=api"
"Forest","2009-07-17","m10","Magic 2010","247","https://scryfall.com/card/m10/247/forest?utm_source=api"
"Forest","2009-07-17","m10","Magic 2010","248","https://scryfall.com/card/m10/248/forest?utm_source=api"
"Forest","2009-07-17","m10","Magic 2010","249","https://scryfall.com/card/m10/249/forest?utm_source=api"
"Forest","2009-09-04","hop","Planechase","165","https://scryfall.com/card/hop/165/forest?utm_source=api"
"Forest","2009-09-04","hop","Planechase","166","https://scryfall.com/card/hop/166/forest?utm_source=api"
"Forest","2009-09-04","hop","Planechase","167","https://scryfall.com/card/hop/167/forest?utm_source=api"
"Forest","2009-09-04","hop","Planechase","168","https://scryfall.com/card/hop/168/forest?utm_source=api"
"Forest","2009-09-04","hop","Planechase","169","https://scryfall.com/card/hop/169/forest?utm_source=api"
"Forest","2009-10-02","zen","Zendikar","246","https://scryfall.com/card/zen/246/forest?utm_source=api"
"Forest","2009-10-02","zen","Zendikar","246a","https://scryfall.com/card/zen/246a/forest?utm_source=api"
"Forest","2009-10-02","zen","Zendikar","247","https://scryfall.com/card/zen/247/forest?utm_source=api"
"Forest","2009-10-02","zen","Zendikar","247a","https://scryfall.com/card/zen/247a/forest?utm_source=api"
"Forest","2009-10-02","zen","Zendikar","248","https://scryfall.com/card/zen/248/forest?utm_source=api"
"Forest","2009-10-02","zen","Zendikar","248a","https://scryfall.com/card/zen/248a/forest?utm_source=api"
"Forest","2009-10-02","zen","Zendikar","249","https://scryfall.com/card/zen/249/forest?utm_source=api"
"Forest","2009-10-02","zen","Zendikar","249a","https://scryfall.com/card/zen/249a/forest?utm_source=api"
"Forest","2009-10-30","ddd","Duel Decks: Garruk vs. Liliana","28","https://scryfall.com/card/ddd/28/forest?utm_source=api"
"Forest","2009-10-30","ddd","Duel Decks: Garruk vs. Liliana","29","https://scryfall.com/card/ddd/29/forest?utm_source=api"
"Forest","2009-10-30","ddd","Duel Decks: Garruk vs. Liliana","30","https://scryfall.com/card/ddd/30/forest?utm_source=api"
"Forest","2009-10-30","ddd","Duel Decks: Garruk vs. Liliana","31","https://scryfall.com/card/ddd/31/forest?utm_source=api"
"Forest","2009-11-20","h09","Premium Deck Series: Slivers","41","https://scryfall.com/card/h09/41/forest?utm_source=api"
"Forest","2010-03-19","dde","Duel Decks: Phyrexia vs. the Coalition","70","https://scryfall.com/card/dde/70/forest?utm_source=api"
"Forest","2010-03-19","dde","Duel Decks: Phyrexia vs. the Coalition","71","https://scryfall.com/card/dde/71/forest?utm_source=api"
"Forest","2010-04-23","roe","Rise of the Eldrazi","245","https://scryfall.com/card/roe/245/forest?utm_source=api"
"Forest","2010-04-23","roe","Rise of the Eldrazi","246","https://scryfall.com/card/roe/246/forest?utm_source=api"
"Forest","2010-04-23","roe","Rise of the Eldrazi","247","https://scryfall.com/card/roe/247/forest?utm_source=api"
"Forest","2010-04-23","roe","Rise of the Eldrazi","248","https://scryfall.com/card/roe/248/forest?utm_source=api"
"Forest","2010-06-04","dpa","Duels of the Planeswalkers","110","https://scryfall.com/card/dpa/110/forest?utm_source=api"
"Forest","2010-06-04","dpa","Duels of the Planeswalkers","111","https://scryfall.com/card/dpa/111/forest?utm_source=api"
"Forest","2010-06-04","dpa","Duels of the Planeswalkers","112","https://scryfall.com/card/dpa/112/forest?utm_source=api"
"Forest","2010-06-04","dpa","Duels of the Planeswalkers","113","https://scryfall.com/card/dpa/113/forest?utm_source=api"
"Forest","2010-06-18","arc","Archenemy","148","https://scryfall.com/card/arc/148/forest?utm_source=api"
"Forest","2010-06-18","arc","Archenemy","149","https://scryfall.com/card/arc/149/forest?utm_source=api"
"Forest","2010-06-18","arc","Archenemy","150","https://scryfall.com/card/arc/150/forest?utm_source=api"
"Forest","2010-07-16","m11","Magic 2011","246","https://scryfall.com/card/m11/246/forest?utm_source=api"
"Forest","2010-07-16","m11","Magic 2011","247","https://scryfall.com/card/m11/247/forest?utm_source=api"
"Forest","2010-07-16","m11","Magic 2011","248","https://scryfall.com/card/m11/248/forest?utm_source=api"
"Forest","2010-07-16","m11","Magic 2011","249","https://scryfall.com/card/m11/249/forest?utm_source=api"
"Forest","2010-10-01","som","Scars of Mirrodin","246","https://scryfall.com/card/som/246/forest?utm_source=api"
"Forest","2010-10-01","som","Scars of Mirrodin","247","https://scryfall.com/card/som/247/forest?utm_source=api"
"Forest","2010-10-01","som","Scars of Mirrodin","248","https://scryfall.com/card/som/248/forest?utm_source=api"
"Forest","2010-10-01","som","Scars of Mirrodin","249","https://scryfall.com/card/som/249/forest?utm_source=api"
"Forest","2011-02-04","mbs","Mirrodin Besieged","154","https://scryfall.com/card/mbs/154/forest?utm_source=api"
"Forest","2011-02-04","mbs","Mirrodin Besieged","155","https://scryfall.com/card/mbs/155/forest?utm_source=api"
"Forest","2011-04-01","ddg","Duel Decks: Knights vs. Dragons","43","https://scryfall.com/card/ddg/43/forest?utm_source=api"
"Forest","2011-04-01","ddg","Duel Decks: Knights vs. Dragons","44","https://scryfall.com/card/ddg/44/forest?utm_source=api"
"Forest","2011-04-01","ddg","Duel Decks: Knights vs. Dragons","45","https://scryfall.com/card/ddg/45/forest?utm_source=api"
"Forest","2011-04-01","ddg","Duel Decks: Knights vs. Dragons","46","https://scryfall.com/card/ddg/46/forest?utm_source=api"
"Forest","2011-05-13","nph","New Phyrexia","174","https://scryfall.com/card/nph/174/forest?utm_source=api"
"Forest","2011-05-13","nph","New Phyrexia","175","https://scryfall.com/card/nph/175/forest?utm_source=api"
"Forest","2011-06-17","cmd","Commander 2011","315","https://scryfall.com/card/cmd/315/forest?utm_source=api"
"Forest","2011-06-17","cmd","Commander 2011","316","https://scryfall.com/card/cmd/316/forest?utm_source=api"
"Forest","2011-06-17","cmd","Commander 2011","317","https://scryfall.com/card/cmd/317/forest?utm_source=api"
"Forest","2011-06-17","cmd","Commander 2011","318","https://scryfall.com/card/cmd/318/forest?utm_source=api"
"Forest","2011-07-15","m12","Magic 2012","246","https://scryfall.com/card/m12/246/forest?utm_source=api"
"Forest","2011-07-15","m12","Magic 2012","247","https://scryfall.com/card/m12/247/forest?utm_source=api"
"Forest","2011-07-15","m12","Magic 2012","248","https://scryfall.com/card/m12/248/forest?utm_source=api"
"Forest","2011-07-15","m12","Magic 2012","249","https://scryfall.com/card/m12/249/forest?utm_source=api"
"Forest","2011-09-02","ddh","Duel Decks: Ajani vs. Nicol Bolas","38","https://scryfall.com/card/ddh/38/forest?utm_source=api"
"Forest","2011-09-02","ddh","Duel Decks: Ajani vs. Nicol Bolas","39","https://scryfall.com/card/ddh/39/forest?utm_source=api"
"Forest","2011-09-30","isd","Innistrad","262","https://scryfall.com/card/isd/262/forest?utm_source=api"
"Forest","2011-09-30","isd","Innistrad","263","https://scryfall.com/card/isd/263/forest?utm_source=api"
"Forest","2011-09-30","isd","Innistrad","264","https://scryfall.com/card/isd/264/forest?utm_source=api"
"Forest","2012-05-04","avr","Avacyn Restored","242","https://scryfall.com/card/avr/242/forest?utm_source=api"
"Forest","2012-05-04","avr","Avacyn Restored","243","https://scryfall.com/card/avr/243/forest?utm_source=api"
"Forest","2012-05-04","avr","Avacyn Restored","244","https://scryfall.com/card/avr/244/forest?utm_source=api"
"Forest","2012-06-01","pc2","Planechase 2012","151","https://scryfall.com/card/pc2/151/forest?utm_source=api"
"Forest","2012-06-01","pc2","Planechase 2012","152","https://scryfall.com/card/pc2/152/forest?utm_source=api"
"Forest","2012-06-01","pc2","Planechase 2012","153","https://scryfall.com/card/pc2/153/forest?utm_source=api"
"Forest","2012-06-01","pc2","Planechase 2012","154","https://scryfall.com/card/pc2/154/forest?utm_source=api"
"Forest","2012-06-01","pc2","Planechase 2012","155","https://scryfall.com/card/pc2/155/forest?utm_source=api"
"Forest","2012-06-01","pc2","Planechase 2012","156","https://scryfall.com/card/pc2/156/forest?utm_source=api"
"Forest","2012-07-13","m13","Magic 2013","246","https://scryfall.com/card/m13/246/forest?utm_source=api"
"Forest","2012-07-13","m13","Magic 2013","247","https://scryfall.com/card/m13/247/forest?utm_source=api"
"Forest","2012-07-13","m13","Magic 2013","248","https://scryfall.com/card/m13/248/forest?utm_source=api"
"Forest","2012-07-13","m13","Magic 2013","249","https://scryfall.com/card/m13/249/forest?utm_source=api"
"Forest","2012-09-07","ddj","Duel Decks: Izzet vs. Golgari","87","https://scryfall.com/card/ddj/87/forest?utm_source=api"
"Forest","2012-09-07","ddj","Duel Decks: Izzet vs. Golgari","88","https://scryfall.com/card/ddj/88/forest?utm_source=api"
"Forest","2012-09-07","ddj","Duel Decks: Izzet vs. Golgari","89","https://scryfall.com/card/ddj/89/forest?utm_source=api"
"Forest","2012-09-07","ddj","Duel Decks: Izzet vs. Golgari","90","https://scryfall.com/card/ddj/90/forest?utm_source=api"
"Forest","2012-10-05","rtr","Return to Ravnica","270","https://scryfall.com/card/rtr/270/forest?utm_source=api"
"Forest","2012-10-05","rtr","Return to Ravnica","271","https://scryfall.com/card/rtr/271/forest?utm_source=api"
"Forest","2012-10-05","rtr","Return to Ravnica","272","https://scryfall.com/card/rtr/272/forest?utm_source=api"
"Forest","2012-10-05","rtr","Return to Ravnica","273","https://scryfall.com/card/rtr/273/forest?utm_source=api"
"Forest","2012-10-05","rtr","Return to Ravnica","274","https://scryfall.com/card/rtr/274/forest?utm_source=api"
"Forest","2013-07-19","m14","Magic 2014","246","https://scryfall.com/card/m14/246/forest?utm_source=api"
"Forest","2013-07-19","m14","Magic 2014","247","https://scryfall.com/card/m14/247/forest?utm_source=api"
"Forest","2013-07-19","m14","Magic 2014","248","https://scryfall.com/card/m14/248/forest?utm_source=api"
"Forest","2013-07-19","m14","Magic 2014","249","https://scryfall.com/card/m14/249/forest?utm_source=api"
"Forest","2013-09-06","ddl","Duel Decks: Heroes vs. Monsters","78","https://scryfall.com/card/ddl/78/forest?utm_source=api"
"Forest","2013-09-06","ddl","Duel Decks: Heroes vs. Monsters","79","https://scryfall.com/card/ddl/79/forest?utm_source=api"
"Forest","2013-09-06","ddl","Duel Decks: Heroes vs. Monsters","80","https://scryfall.com/card/ddl/80/forest?utm_source=api"
"Forest","2013-09-06","ddl","Duel Decks: Heroes vs. Monsters","81","https://scryfall.com/card/ddl/81/forest?utm_source=api"
"Forest","2013-09-27","ths","Theros","246","https://scryfall.com/card/ths/246/forest?utm_source=api"
"Forest","2013-09-27","ths","Theros","247","https://scryfall.com/card/ths/247/forest?utm_source=api"
"Forest","2013-09-27","ths","Theros","248","https://scryfall.com/card/ths/248/forest?utm_source=api"
"Forest","2013-09-27","ths","Theros","249","https://scryfall.com/card/ths/249/forest?utm_source=api"
"Forest","2013-11-01","c13","Commander 2013","353","https://scryfall.com/card/c13/353/forest?utm_source=api"
"Forest","2013-11-01","c13","Commander 2013","354","https://scryfall.com/card/c13/354/forest?utm_source=api"
"Forest","2013-11-01","c13","Commander 2013","355","https://scryfall.com/card/c13/355/forest?utm_source=api"
"Forest","2013-11-01","c13","Commander 2013","356","https://scryfall.com/card/c13/356/forest?utm_source=api"
"Forest","2014-01-01","j14","Judge Gift Cards 2014","5★","https://scryfall.com/card/j14/5%E2%98%85/forest?utm_source=api"
"Forest","2014-03-14","ddm","Duel Decks: Jace vs. Vraska","84","https://scryfall.com/card/ddm/84/forest?utm_source=api"
"Forest","2014-03-14","ddm","Duel Decks: Jace vs. Vraska","85","https://scryfall.com/card/ddm/85/forest?utm_source=api"
"Forest","2014-03-14","ddm","Duel Decks: Jace vs. Vraska","86","https://scryfall.com/card/ddm/86/forest?utm_source=api"
"Forest","2014-03-14","ddm","Duel Decks: Jace vs. Vraska","87","https://scryfall.com/card/ddm/87/forest?utm_source=api"
"Forest","2014-03-14","ddm","Duel Decks: Jace vs. Vraska","88","https://scryfall.com/card/ddm/88/forest?utm_source=api"
"Forest","2014-07-18","m15","Magic 2015","266","https://scryfall.com/card/m15/266/forest?utm_source=api"
"Forest","2014-07-18","m15","Magic 2015","267","https://scryfall.com/card/m15/267/forest?utm_source=api"
"Forest","2014-07-18","m15","Magic 2015","268","https://scryfall.com/card/m15/268/forest?utm_source=api"
"Forest","2014-07-18","m15","Magic 2015","269","https://scryfall.com/card/m15/269/forest?utm_source=api"
"Forest","2014-09-26","ktk","Khans of Tarkir","266","https://scryfall.com/card/ktk/266/forest?utm_source=api"
"Forest","2014-09-26","ktk","Khans of Tarkir","267","https://scryfall.com/card/ktk/267/forest?utm_source=api"
"Forest","2014-09-26","ktk","Khans of Tarkir","268","https://scryfall.com/card/ktk/268/forest?utm_source=api"
"Forest","2014-09-26","ktk","Khans of Tarkir","269","https://scryfall.com/card/ktk/269/forest?utm_source=api"
"Forest","2014-11-07","c14","Commander 2014","334","https://scryfall.com/card/c14/334/forest?utm_source=api"
"Forest","2014-11-07","c14","Commander 2014","335","https://scryfall.com/card/c14/335/forest?utm_source=api"
"Forest","2014-11-07","c14","Commander 2014","336","https://scryfall.com/card/c14/336/forest?utm_source=api"
"Forest","2014-11-07","c14","Commander 2014","337","https://scryfall.com/card/c14/337/forest?utm_source=api"
"Forest","2014-12-05","evg","Duel Decks Anthology: Elves vs. Goblins","28","https://scryfall.com/card/evg/28/forest?utm_source=api"
"Forest","2014-12-05","evg","Duel Decks Anthology: Elves vs. Goblins","29","https://scryfall.com/card/evg/29/forest?utm_source=api"
"Forest","2014-12-05","evg","Duel Decks Anthology: Elves vs. Goblins","30","https://scryfall.com/card/evg/30/forest?utm_source=api"
"Forest","2014-12-05","evg","Duel Decks Anthology: Elves vs. Goblins","31","https://scryfall.com/card/evg/31/forest?utm_source=api"
"Forest","2014-12-05","gvl","Duel Decks Anthology: Garruk vs. Liliana","28","https://scryfall.com/card/gvl/28/forest?utm_source=api"
"Forest","2014-12-05","gvl","Duel Decks Anthology: Garruk vs. Liliana","29","https://scryfall.com/card/gvl/29/forest?utm_source=api"
"Forest","2014-12-05","gvl","Duel Decks Anthology: Garruk vs. Liliana","30","https://scryfall.com/card/gvl/30/forest?utm_source=api"
"Forest","2014-12-05","gvl","Duel Decks Anthology: Garruk vs. Liliana","31","https://scryfall.com/card/gvl/31/forest?utm_source=api"
"Forest","2015-01-23","frf","Fate Reforged","184","https://scryfall.com/card/frf/184/forest?utm_source=api"
"Forest","2015-01-23","frf","Fate Reforged","185","https://scryfall.com/card/frf/185/forest?utm_source=api"
"Forest","2015-02-27","ddo","Duel Decks: Elspeth vs. Kiora","63","https://scryfall.com/card/ddo/63/forest?utm_source=api"
"Forest","2015-02-27","ddo","Duel Decks: Elspeth vs. Kiora","64","https://scryfall.com/card/ddo/64/forest?utm_source=api"
"Forest","2015-02-27","ddo","Duel Decks: Elspeth vs. Kiora","65","https://scryfall.com/card/ddo/65/forest?utm_source=api"
"Forest","2015-03-27","dtk","Dragons of Tarkir","262","https://scryfall.com/card/dtk/262/forest?utm_source=api"
"Forest","2015-03-27","dtk","Dragons of Tarkir","263","https://scryfall.com/card/dtk/263/forest?utm_source=api"
"Forest","2015-03-27","dtk","Dragons of Tarkir","264","https://scryfall.com/card/dtk/264/forest?utm_source=api"
"Forest","2015-07-17","ori","Magic Origins","269","https://scryfall.com/card/ori/269/forest?utm_source=api"
"Forest","2015-07-17","ori","Magic Origins","270","https://scryfall.com/card/ori/270/forest?utm_source=api"
"Forest","2015-07-17","ori","Magic Origins","271","https://scryfall.com/card/ori/271/forest?utm_source=api"
"Forest","2015-07-17","ori","Magic Origins","272","https://scryfall.com/card/ori/272/forest?utm_source=api"
"Forest","2015-08-28","ddp","Duel Decks: Zendikar vs. Eldrazi","38","https://scryfall.com/card/ddp/38/forest?utm_source=api"
"Forest","2015-08-28","ddp","Duel Decks: Zendikar vs. Eldrazi","39","https://scryfall.com/card/ddp/39/forest?utm_source=api"
"Forest","2015-08-28","ddp","Duel Decks: Zendikar vs. Eldrazi","40","https://scryfall.com/card/ddp/40/forest?utm_source=api"
"Forest","2015-10-02","bfz","Battle for Zendikar","270","https://scryfall.com/card/bfz/270/forest?utm_source=api"
"Forest","2015-10-02","bfz","Battle for Zendikar","270a","https://scryfall.com/card/bfz/270a/forest?utm_source=api"
"Forest","2015-10-02","bfz","Battle for Zendikar","271","https://scryfall.com/card/bfz/271/forest?utm_source=api"
"Forest","2015-10-02","bfz","Battle for Zendikar","271a","https://scryfall.com/card/bfz/271a/forest?utm_source=api"
"Forest","2015-10-02","bfz","Battle for Zendikar","272","https://scryfall.com/card/bfz/272/forest?utm_source=api"
"Forest","2015-10-02","bfz","Battle for Zendikar","272a","https://scryfall.com/card/bfz/272a/forest?utm_source=api"
"Forest","2015-10-02","bfz","Battle for Zendikar","273","https://scryfall.com/card/bfz/273/forest?utm_source=api"
"Forest","2015-10-02","bfz","Battle for Zendikar","273a","https://scryfall.com/card/bfz/273a/forest?utm_source=api"
"Forest","2015-10-02","bfz","Battle for Zendikar","274","https://scryfall.com/card/bfz/274/forest?utm_source=api"
"Forest","2015-10-02","bfz","Battle for Zendikar","274a","https://scryfall.com/card/bfz/274a/forest?utm_source=api"
"Forest","2015-11-13","c15","Commander 2015","339","https://scryfall.com/card/c15/339/forest?utm_source=api"
"Forest","2015-11-13","c15","Commander 2015","340","https://scryfall.com/card/c15/340/forest?utm_source=api"
"Forest","2015-11-13","c15","Commander 2015","341","https://scryfall.com/card/c15/341/forest?utm_source=api"
"Forest","2015-11-13","c15","Commander 2015","342","https://scryfall.com/card/c15/342/forest?utm_source=api"
"Forest","2016-04-08","soi","Shadows over Innistrad","295","https://scryfall.com/card/soi/295/forest?utm_source=api"
"Forest","2016-04-08","soi","Shadows over Innistrad","296","https://scryfall.com/card/soi/296/forest?utm_source=api"
"Forest","2016-04-08","soi","Shadows over Innistrad","297","https://scryfall.com/card/soi/297/forest?utm_source=api"
"Forest","2016-09-02","ddr","Duel Decks: Nissa vs. Ob Nixilis","31","https://scryfall.com/card/ddr/31/forest?utm_source=api"
"Forest","2016-09-02","ddr","Duel Decks: Nissa vs. Ob Nixilis","32","https://scryfall.com/card/ddr/32/forest?utm_source=api"
"Forest","2016-09-02","ddr","Duel Decks: Nissa vs. Ob Nixilis","33","https://scryfall.com/card/ddr/33/forest?utm_source=api"
"Forest","2016-09-02","ddr","Duel Decks: Nissa vs. Ob Nixilis","34","https://scryfall.com/card/ddr/34/forest?utm_source=api"
"Forest","2016-09-02","ddr","Duel Decks: Nissa vs. Ob Nixilis","35","https://scryfall.com/card/ddr/35/forest?utm_source=api"
"Forest","2016-09-30","kld","Kaladesh","262","https://scryfall.com/card/kld/262/forest?utm_source=api"
"Forest","2016-09-30","kld","Kaladesh","263","https://scryfall.com/card/kld/263/forest?utm_source=api"
"Forest","2016-09-30","kld","Kaladesh","264","https://scryfall.com/card/kld/264/forest?utm_source=api"
"Forest","2016-11-11","c16","Commander 2016","349","https://scryfall.com/card/c16/349/forest?utm_source=api"
"Forest","2016-11-11","c16","Commander 2016","350","https://scryfall.com/card/c16/350/forest?utm_source=api"
"Forest","2016-11-11","c16","Commander 2016","351","https://scryfall.com/card/c16/351/forest?utm_source=api"
"Forest","2016-11-25","pca","Planechase Anthology","151","https://scryfall.com/card/pca/151/forest?utm_source=api"
"Forest","2016-11-25","pca","Planechase Anthology","152","https://scryfall.com/card/pca/152/forest?utm_source=api"
"Forest","2016-11-25","pca","Planechase Anthology","153","https://scryfall.com/card/pca/153/forest?utm_source=api"
"Forest","2016-11-25","pca","Planechase Anthology","154","https://scryfall.com/card/pca/154/forest?utm_source=api"
"Forest","2016-11-25","pca","Planechase Anthology","155","https://scryfall.com/card/pca/155/forest?utm_source=api"
"Forest","2016-11-25","pca","Planechase Anthology","156","https://scryfall.com/card/pca/156/forest?utm_source=api"
"Forest","2017-03-31","dds","Duel Decks: Mind vs. Might","63","https://scryfall.com/card/dds/63/forest?utm_source=api"
"Forest","2017-03-31","dds","Duel Decks: Mind vs. Might","64","https://scryfall.com/card/dds/64/forest?utm_source=api"
"Forest","2017-03-31","dds","Duel Decks: Mind vs. Might","65","https://scryfall.com/card/dds/65/forest?utm_source=api"
"Forest","2017-04-28","akh","Amonkhet","254","https://scryfall.com/card/akh/254/forest?utm_source=api"
"Forest","2017-04-28","akh","Amonkhet","267","https://scryfall.com/card/akh/267/forest?utm_source=api"
"Forest","2017-04-28","akh","Amonkhet","268","https://scryfall.com/card/akh/268/forest?utm_source=api"
"Forest","2017-04-28","akh","Amonkhet","269","https://scryfall.com/card/akh/269/forest?utm_source=api"
"Forest","2017-06-09","cma","Commander Anthology","309","https://scryfall.com/card/cma/309/forest?utm_source=api"
"Forest","2017-06-09","cma","Commander Anthology","310","https://scryfall.com/card/cma/310/forest?utm_source=api"
"Forest","2017-06-09","cma","Commander Anthology","311","https://scryfall.com/card/cma/311/forest?utm_source=api"
"Forest","2017-06-09","cma","Commander Anthology","312","https://scryfall.com/card/cma/312/forest?utm_source=api"
"Forest","2017-06-09","cma","Commander Anthology","313","https://scryfall.com/card/cma/313/forest?utm_source=api"
"Forest","2017-06-09","cma","Commander Anthology","314","https://scryfall.com/card/cma/314/forest?utm_source=api"
"Forest","2017-06-09","cma","Commander Anthology","315","https://scryfall.com/card/cma/315/forest?utm_source=api"
"Forest","2017-06-09","cma","Commander Anthology","316","https://scryfall.com/card/cma/316/forest?utm_source=api"
"Forest","2017-06-09","cma","Commander Anthology","317","https://scryfall.com/card/cma/317/forest?utm_source=api"
"Forest","2017-06-09","cma","Commander Anthology","318","https://scryfall.com/card/cma/318/forest?utm_source=api"
"Forest","2017-06-09","cma","Commander Anthology","319","https://scryfall.com/card/cma/319/forest?utm_source=api"
"Forest","2017-06-09","cma","Commander Anthology","320","https://scryfall.com/card/cma/320/forest?utm_source=api"
"Forest","2017-06-16","e01","Archenemy: Nicol Bolas","101","https://scryfall.com/card/e01/101/forest?utm_source=api"
"Forest","2017-06-16","e01","Archenemy: Nicol Bolas","106","https://scryfall.com/card/e01/106/forest?utm_source=api"
"Forest","2017-07-14","hou","Hour of Devastation","189","https://scryfall.com/card/hou/189/forest?utm_source=api"
"Forest","2017-07-14","hou","Hour of Devastation","198","https://scryfall.com/card/hou/198/forest?utm_source=api"
"Forest","2017-07-14","hou","Hour of Devastation","199","https://scryfall.com/card/hou/199/forest?utm_source=api"
"Forest","2017-08-25","c17","Commander 2017","307","https://scryfall.com/card/c17/307/forest?utm_source=api"
"Forest","2017-08-25","c17","Commander 2017","308","https://scryfall.com/card/c17/308/forest?utm_source=api"
"Forest","2017-08-25","c17","Commander 2017","309","https://scryfall.com/card/c17/309/forest?utm_source=api"
"Forest","2017-09-29","pss2","XLN Standard Showdown","5","https://scryfall.com/card/pss2/5/forest?utm_source=api"
"Forest","2017-09-29","xln","Ixalan","276","https://scryfall.com/card/xln/276/forest?utm_source=api"
"Forest","2017-09-29","xln","Ixalan","277","https://scryfall.com/card/xln/277/forest?utm_source=api"
"Forest","2017-09-29","xln","Ixalan","278","https://scryfall.com/card/xln/278/forest?utm_source=api"
"Forest","2017-09-29","xln","Ixalan","279","https://scryfall.com/card/xln/279/forest?utm_source=api"
"Forest","2017-10-20","g17","2017 Gift Pack","5","https://scryfall.com/card/g17/5/forest?utm_source=api"
"Forest","2017-12-08","ust","Unstable","216","https://scryfall.com/card/ust/216/forest?utm_source=api"
"Forest","2018-01-19","rix","Rivals of Ixalan","196","https://scryfall.com/card/rix/196/forest?utm_source=api"
"Forest","2018-04-06","ddu","Duel Decks: Elves vs. Inventors","31","https://scryfall.com/card/ddu/31/forest?utm_source=api"
"Forest","2018-04-06","ddu","Duel Decks: Elves vs. Inventors","32","https://scryfall.com/card/ddu/32/forest?utm_source=api"
"Forest","2018-04-06","ddu","Duel Decks: Elves vs. Inventors","33","https://scryfall.com/card/ddu/33/forest?utm_source=api"
"Forest","2018-04-06","ddu","Duel Decks: Elves vs. Inventors","34","https://scryfall.com/card/ddu/34/forest?utm_source=api"
"Forest","2018-04-27","dom","Dominaria","266","https://scryfall.com/card/dom/266/forest?utm_source=api"
"Forest","2018-04-27","dom","Dominaria","267","https://scryfall.com/card/dom/267/forest?utm_source=api"
"Forest","2018-04-27","dom","Dominaria","268","https://scryfall.com/card/dom/268/forest?utm_source=api"
"Forest","2018-04-27","dom","Dominaria","269","https://scryfall.com/card/dom/269/forest?utm_source=api"
"Forest","2018-06-08","bbd","Battlebond","254","https://scryfall.com/card/bbd/254/forest?utm_source=api"
"Forest","2018-06-08","cm2","Commander Anthology Volume II","306","https://scryfall.com/card/cm2/306/forest?utm_source=api"
"Forest","2018-06-08","cm2","Commander Anthology Volume II","307","https://scryfall.com/card/cm2/307/forest?utm_source=api"
"Forest","2018-06-08","cm2","Commander Anthology Volume II","308","https://scryfall.com/card/cm2/308/forest?utm_source=api"
"Forest","2018-06-08","cm2","Commander Anthology Volume II","309","https://scryfall.com/card/cm2/309/forest?utm_source=api"
"Forest","2018-06-08","cm2","Commander Anthology Volume II","310","https://scryfall.com/card/cm2/310/forest?utm_source=api"
"Forest","2018-06-08","cm2","Commander Anthology Volume II","311","https://scryfall.com/card/cm2/311/forest?utm_source=api"
"Forest","2018-06-08","cm2","Commander Anthology Volume II","312","https://scryfall.com/card/cm2/312/forest?utm_source=api"
"Forest","2018-06-14","pgpx","Grand Prix Promos","2018f","https://scryfall.com/card/pgpx/2018f/forest?utm_source=api"
"Forest","2018-06-22","gs1","Global Series Jiang Yanggu & Mu Yanling","40","https://scryfall.com/card/gs1/40/forest?utm_source=api"
"Forest","2018-07-13","m19","Core Set 2019","277","https://scryfall.com/card/m19/277/forest?utm_source=api"
"Forest","2018-07-13","m19","Core Set 2019","278","https://scryfall.com/card/m19/278/forest?utm_source=api"
"Forest","2018-07-13","m19","Core Set 2019","279","https://scryfall.com/card/m19/279/forest?utm_source=api"
"Forest","2018-07-13","m19","Core Set 2019","280","https://scryfall.com/card/m19/280/forest?utm_source=api"
"Forest","2018-07-13","pss3","M19 Standard Showdown","5","https://scryfall.com/card/pss3/5/forest?utm_source=api"
"Forest","2018-08-10","c18","Commander 2018","305","https://scryfall.com/card/c18/305/forest?utm_source=api"
"Forest","2018-08-10","c18","Commander 2018","306","https://scryfall.com/card/c18/306/forest?utm_source=api"
"Forest","2018-08-10","c18","Commander 2018","307","https://scryfall.com/card/c18/307/forest?utm_source=api"
"Forest","2018-10-05","grn","Guilds of Ravnica","264","https://scryfall.com/card/grn/264/forest?utm_source=api"
"Forest","2018-11-02","gk1","GRN Guild Kit","127","https://scryfall.com/card/gk1/127/forest?utm_source=api"
"Forest","2018-11-02","gk1","GRN Guild Kit","76","https://scryfall.com/card/gk1/76/forest?utm_source=api"
"Forest","2018-11-09","prwk","GRN Ravnica Weekend","A06","https://scryfall.com/card/prwk/A06/forest?utm_source=api"
"Forest","2018-11-09","prwk","GRN Ravnica Weekend","A09","https://scryfall.com/card/prwk/A09/forest?utm_source=api"
"Forest","2018-11-16","gnt","Game Night","67","https://scryfall.com/card/gnt/67/forest?utm_source=api"
"Forest","2018-11-16","gnt","Game Night","68","https://scryfall.com/card/gnt/68/forest?utm_source=api"
"Forest","2019-01-01","pf19","MagicFest 2019","6","https://scryfall.com/card/pf19/6/forest?utm_source=api"
"Forest","2019-01-25","rna","Ravnica Allegiance","264","https://scryfall.com/card/rna/264/forest?utm_source=api"
"Forest","2019-02-15","gk2","RNA Guild Kit","106","https://scryfall.com/card/gk2/106/forest?utm_source=api"
"Forest","2019-02-15","gk2","RNA Guild Kit","133","https://scryfall.com/card/gk2/133/forest?utm_source=api"
"Forest","2019-02-16","prw2","RNA Ravnica Weekend","B08","https://scryfall.com/card/prw2/B08/forest?utm_source=api"
"Forest","2019-02-16","prw2","RNA Ravnica Weekend","B09","https://scryfall.com/card/prw2/B09/forest?utm_source=api"
"Forest","2019-05-03","war","War of the Spark","262","https://scryfall.com/card/war/262/forest?utm_source=api"
"Forest","2019-05-03","war","War of the Spark","263","https://scryfall.com/card/war/263/forest?utm_source=api"
"Forest","2019-05-03","war","War of the Spark","264","https://scryfall.com/card/war/264/forest?utm_source=api"
"Snow-Covered Forest","2019-06-14","mh1","Modern Horizons","254","https://scryfall.com/card/mh1/254/snow-covered-forest?utm_source=api"
"Forest","2019-07-12","m20","Core Set 2020","277","https://scryfall.com/card/m20/277/forest?utm_source=api"
"Forest","2019-07-12","m20","Core Set 2020","278","https://scryfall.com/card/m20/278/forest?utm_source=api"
"Forest","2019-07-12","m20","Core Set 2020","279","https://scryfall.com/card/m20/279/forest?utm_source=api"
"Forest","2019-07-12","m20","Core Set 2020","280","https://scryfall.com/card/m20/280/forest?utm_source=api"
"Forest","2019-07-12","ppp1","M20 Promo Packs","5","https://scryfall.com/card/ppp1/5/forest?utm_source=api"
"Forest","2019-08-23","c19","Commander 2019","300","https://scryfall.com/card/c19/300/forest?utm_source=api"
"Forest","2019-08-23","c19","Commander 2019","301","https://scryfall.com/card/c19/301/forest?utm_source=api"
"Forest","2019-08-23","c19","Commander 2019","302","https://scryfall.com/card/c19/302/forest?utm_source=api"
"Forest","2019-10-04","eld","Throne of Eldraine","266","https://scryfall.com/card/eld/266/forest?utm_source=api"
"Forest","2019-10-04","eld","Throne of Eldraine","267","https://scryfall.com/card/eld/267/forest?utm_source=api"
"Forest","2019-10-04","eld","Throne of Eldraine","268","https://scryfall.com/card/eld/268/forest?utm_source=api"
"Forest","2019-10-04","eld","Throne of Eldraine","269","https://scryfall.com/card/eld/269/forest?utm_source=api"
"Forest","2019-11-15","gn2","Game Night 2019","63","https://scryfall.com/card/gn2/63/forest?utm_source=api"
"Forest","2019-11-15","gn2","Game Night 2019","64","https://scryfall.com/card/gn2/64/forest?utm_source=api"
"Forest","2020-01-01","pf20","MagicFest 2020","6","https://scryfall.com/card/pf20/6/forest?utm_source=api"
"Forest","2020-01-24","thb","Theros Beyond Death","254","https://scryfall.com/card/thb/254/forest?utm_source=api"
"Forest","2020-01-24","thb","Theros Beyond Death","286","https://scryfall.com/card/thb/286/forest?utm_source=api"
"Forest","2020-01-24","thb","Theros Beyond Death","287","https://scryfall.com/card/thb/287/forest?utm_source=api"
"Forest","2020-02-29","und","Unsanctioned","95","https://scryfall.com/card/und/95/forest?utm_source=api"
"Forest","2020-02-29","und","Unsanctioned","96","https://scryfall.com/card/und/96/forest?utm_source=api"
"Forest","2020-04-24","iko","Ikoria: Lair of Behemoths","272","https://scryfall.com/card/iko/272/forest?utm_source=api"
"Forest","2020-04-24","iko","Ikoria: Lair of Behemoths","273","https://scryfall.com/card/iko/273/forest?utm_source=api"
"Forest","2020-04-24","iko","Ikoria: Lair of Behemoths","274","https://scryfall.com/card/iko/274/forest?utm_source=api"
"Forest","2020-07-03","m21","Core Set 2021","272","https://scryfall.com/card/m21/272/forest?utm_source=api"
"Forest","2020-07-03","m21","Core Set 2021","273","https://scryfall.com/card/m21/273/forest?utm_source=api"
"Forest","2020-07-03","m21","Core Set 2021","274","https://scryfall.com/card/m21/274/forest?utm_source=api"
"Forest","2020-07-03","m21","Core Set 2021","313","https://scryfall.com/card/m21/313/forest?utm_source=api"
"Forest","2020-07-17","jmp","Jumpstart","70","https://scryfall.com/card/jmp/70/forest?utm_source=api"
"Forest","2020-07-17","jmp","Jumpstart","71","https://scryfall.com/card/jmp/71/forest?utm_source=api"
"Forest","2020-07-17","jmp","Jumpstart","72","https://scryfall.com/card/jmp/72/forest?utm_source=api"
"Forest","2020-07-17","jmp","Jumpstart","73","https://scryfall.com/card/jmp/73/forest?utm_source=api"
"Forest","2020-07-17","jmp","Jumpstart","74","https://scryfall.com/card/jmp/74/forest?utm_source=api"
"Forest","2020-07-17","jmp","Jumpstart","75","https://scryfall.com/card/jmp/75/forest?utm_source=api"
"Forest","2020-07-17","jmp","Jumpstart","76","https://scryfall.com/card/jmp/76/forest?utm_source=api"
"Forest","2020-07-17","jmp","Jumpstart","77","https://scryfall.com/card/jmp/77/forest?utm_source=api"
"Forest","2020-08-07","2xm","Double Masters","381","https://scryfall.com/card/2xm/381/forest?utm_source=api"
"Forest","2020-08-07","2xm","Double Masters","382","https://scryfall.com/card/2xm/382/forest?utm_source=api"
"Forest","2020-09-25","znr","Zendikar Rising","278","https://scryfall.com/card/znr/278/forest?utm_source=api"
"Forest","2020-09-25","znr","Zendikar Rising","279","https://scryfall.com/card/znr/279/forest?utm_source=api"
"Forest","2020-09-25","znr","Zendikar Rising","280","https://scryfall.com/card/znr/280/forest?utm_source=api"
"Forest","2020-09-25","znr","Zendikar Rising","384","https://scryfall.com/card/znr/384/forest?utm_source=api"
"Forest","2020-11-20","cmr","Commander Legends","510","https://scryfall.com/card/cmr/510/forest?utm_source=api"
"Forest","2020-11-20","cmr","Commander Legends","511","https://scryfall.com/card/cmr/511/forest?utm_source=api"
"Snow-Covered Forest","2021-02-05","khm","Kaldheim","284","https://scryfall.com/card/khm/284/snow-covered-forest?utm_source=api"
"Snow-Covered Forest","2021-02-05","khm","Kaldheim","285","https://scryfall.com/card/khm/285/snow-covered-forest?utm_source=api"
"Forest","2021-02-05","khm","Kaldheim","398","https://scryfall.com/card/khm/398/forest?utm_source=api"
"Forest","2021-04-23","stx","Strixhaven: School of Mages","374","https://scryfall.com/card/stx/374/forest?utm_source=api"
"Forest","2021-04-23","stx","Strixhaven: School of Mages","375","https://scryfall.com/card/stx/375/forest?utm_source=api"
"Forest","2021-06-18","mh2","Modern Horizons 2","489","https://scryfall.com/card/mh2/489/forest?utm_source=api"
"Forest","2021-06-18","mh2","Modern Horizons 2","490","https://scryfall.com/card/mh2/490/forest?utm_source=api"
"Forest","2021-07-23","afr","Adventures in the Forgotten Realms","278","https://scryfall.com/card/afr/278/forest?utm_source=api"
"Forest","2021-07-23","afr","Adventures in the Forgotten Realms","279","https://scryfall.com/card/afr/279/forest?utm_source=api"
"Forest","2021-07-23","afr","Adventures in the Forgotten Realms","280","https://scryfall.com/card/afr/280/forest?utm_source=api"
"Forest","2021-07-23","afr","Adventures in the Forgotten Realms","281","https://scryfall.com/card/afr/281/forest?utm_source=api"
"Forest","2021-09-24","mid","Innistrad: Midnight Hunt","276","https://scryfall.com/card/mid/276/forest?utm_source=api"
"Forest","2021-09-24","mid","Innistrad: Midnight Hunt","277","https://scryfall.com/card/mid/277/forest?utm_source=api"
"Forest","2021-09-24","mid","Innistrad: Midnight Hunt","384","https://scryfall.com/card/mid/384/forest?utm_source=api"
"Forest","2021-11-19","vow","Innistrad: Crimson Vow","276","https://scryfall.com/card/vow/276/forest?utm_source=api"
"Forest","2021-11-19","vow","Innistrad: Crimson Vow","277","https://scryfall.com/card/vow/277/forest?utm_source=api"
"Forest","2021-11-19","vow","Innistrad: Crimson Vow","402","https://scryfall.com/card/vow/402/forest?utm_source=api"
"Forest","2021-11-19","vow","Innistrad: Crimson Vow","412","https://scryfall.com/card/vow/412/forest?utm_source=api"
"Forest","2022-02-18","neo","Kamigawa: Neon Dynasty","291","https://scryfall.com/card/neo/291/forest?utm_source=api"
"Forest","2022-02-18","neo","Kamigawa: Neon Dynasty","292","https://scryfall.com/card/neo/292/forest?utm_source=api"
"Forest","2022-04-29","snc","Streets of New Capenna","270","https://scryfall.com/card/snc/270/forest?utm_source=api"
"Forest","2022-04-29","snc","Streets of New Capenna","271","https://scryfall.com/card/snc/271/forest?utm_source=api"
"Forest","2022-04-29","snc","Streets of New Capenna","280","https://scryfall.com/card/snc/280/forest?utm_source=api"
"Forest","2022-04-29","snc","Streets of New Capenna","281","https://scryfall.com/card/snc/281/forest?utm_source=api"
"Forest","2022-06-10","clb","Commander Legends: Battle for Baldur's Gate","467","https://scryfall.com/card/clb/467/forest?utm_source=api"
"Forest","2022-06-10","clb","Commander Legends: Battle for Baldur's Gate","468","https://scryfall.com/card/clb/468/forest?utm_source=api"
"Forest","2022-06-10","clb","Commander Legends: Battle for Baldur's Gate","469","https://scryfall.com/card/clb/469/forest?utm_source=api"
"Forest","2022-06-10","clb","Commander Legends: Battle for Baldur's Gate","470","https://scryfall.com/card/clb/470/forest?utm_source=api"
"Forest","2022-09-09","dmu","Dominaria United","274","https://scryfall.com/card/dmu/274/forest?utm_source=api"
"Forest","2022-09-09","dmu","Dominaria United","275","https://scryfall.com/card/dmu/275/forest?utm_source=api"
"Forest","2022-09-09","dmu","Dominaria United","276","https://scryfall.com/card/dmu/276/forest?utm_source=api"
"Forest","2022-09-09","dmu","Dominaria United","281","https://scryfall.com/card/dmu/281/forest?utm_source=api"
"Forest","2022-10-07","40k","Warhammer 40,000 Commander","317","https://scryfall.com/card/40k/317/forest?utm_source=api"
"Forest","2022-10-07","40k","Warhammer 40,000 Commander","317★","https://scryfall.com/card/40k/317%E2%98%85/forest?utm_source=api"
"Forest","2022-10-07","unf","Unfinity","239","https://scryfall.com/card/unf/239/forest?utm_source=api"
"Forest","2022-10-07","unf","Unfinity","244","https://scryfall.com/card/unf/244/forest?utm_source=api"
"Forest","2022-10-07","unf","Unfinity","490","https://scryfall.com/card/unf/490/forest?utm_source=api"
"Forest","2022-10-07","unf","Unfinity","495","https://scryfall.com/card/unf/495/forest?utm_source=api"
"Forest","2022-10-14","gn3","Game Night: Free-for-All","134","https://scryfall.com/card/gn3/134/forest?utm_source=api"
"Forest","2022-10-14","gn3","Game Night: Free-for-All","135","https://scryfall.com/card/gn3/135/forest?utm_source=api"
"Forest","2022-10-14","gn3","Game Night: Free-for-All","136","https://scryfall.com/card/gn3/136/forest?utm_source=api"
"Forest","2022-11-18","bro","The Brothers' War","276","https://scryfall.com/card/bro/276/forest?utm_source=api"
"Forest","2022-11-18","bro","The Brothers' War","277","https://scryfall.com/card/bro/277/forest?utm_source=api"
"Forest","2022-11-18","bro","The Brothers' War","286","https://scryfall.com/card/bro/286/forest?utm_source=api"
"Forest","2022-11-18","bro","The Brothers' War","287","https://scryfall.com/card/bro/287/forest?utm_source=api"
"Forest","2022-11-28","30a","30th Anniversary Edition","295","https://scryfall.com/card/30a/295/forest?utm_source=api"
"Forest","2022-11-28","30a","30th Anniversary Edition","296","https://scryfall.com/card/30a/296/forest?utm_source=api"
"Forest","2022-11-28","30a","30th Anniversary Edition","297","https://scryfall.com/card/30a/297/forest?utm_source=api"
"Forest","2022-11-28","30a","30th Anniversary Edition","592","https://scryfall.com/card/30a/592/forest?utm_source=api"
"Forest","2022-11-28","30a","30th Anniversary Edition","593","https://scryfall.com/card/30a/593/forest?utm_source=api"
"Forest","2022-11-28","30a","30th Anniversary Edition","594","https://scryfall.com/card/30a/594/forest?utm_source=api"
"Forest","2022-12-02","j22","Jumpstart 2022","110","https://scryfall.com/card/j22/110/forest?utm_source=api"
"Forest","2022-12-02","j22","Jumpstart 2022","111","https://scryfall.com/card/j22/111/forest?utm_source=api"
"Forest","2022-12-02","j22","Jumpstart 2022","112","https://scryfall.com/card/j22/112/forest?utm_source=api"
"Forest","2022-12-02","scd","Starter Commander Decks","349","https://scryfall.com/card/scd/349/forest?utm_source=api"
"Forest","2022-12-02","scd","Starter Commander Decks","350","https://scryfall.com/card/scd/350/forest?utm_source=api"
"Forest","2022-12-02","scd","Starter Commander Decks","351","https://scryfall.com/card/scd/351/forest?utm_source=api"
"Forest","2022-12-02","scd","Starter Commander Decks","352","https://scryfall.com/card/scd/352/forest?utm_source=api"
"Forest","2023-01-01","p23","Judge Gift Cards 2023","10","https://scryfall.com/card/p23/10/forest?utm_source=api"
"Forest","2023-01-13","dmr","Dominaria Remastered","410","https://scryfall.com/card/dmr/410/forest?utm_source=api"
"Forest","2023-01-13","dmr","Dominaria Remastered","411","https://scryfall.com/card/dmr/411/forest?utm_source=api"
"Forest","2023-02-10","one","Phyrexia: All Will Be One","266","https://scryfall.com/card/one/266/forest?utm_source=api"
"Forest","2023-02-10","one","Phyrexia: All Will Be One","276","https://scryfall.com/card/one/276/forest?utm_source=api"
"Forest","2023-04-21","mom","March of the Machine","281","https://scryfall.com/card/mom/281/forest?utm_source=api"
"Forest","2023-04-21","mom","March of the Machine","290","https://scryfall.com/card/mom/290/forest?utm_source=api"
"Forest","2023-04-21","mom","March of the Machine","291","https://scryfall.com/card/mom/291/forest?utm_source=api"
"Forest","2023-05-08","plst","The List","AKH-268","https://scryfall.com/card/plst/AKH-268/forest?utm_source=api"
"Forest","2023-05-08","plst","The List","HOU-198","https://scryfall.com/card/plst/HOU-198/forest?utm_source=api"
"Forest","2023-05-08","plst","The List","HOU-199","https://scryfall.com/card/plst/HOU-199/forest?utm_source=api"
"Forest","2023-06-23","ltr","The Lord of the Rings: Tales of Middle-earth","270","https://scryfall.com/card/ltr/270/forest?utm_source=api"
"Forest","2023-06-23","ltr","The Lord of the Rings: Tales of Middle-earth","271","https://scryfall.com/card/ltr/271/forest?utm_source=api"
"Forest","2023-06-23","ltr","The Lord of the Rings: Tales of Middle-earth","280","https://scryfall.com/card/ltr/280/forest?utm_source=api"
"Forest","2023-06-23","ltr","The Lord of the Rings: Tales of Middle-earth","281","https://scryfall.com/card/ltr/281/forest?utm_source=api"
"Forest","2023-08-04","cmm","Commander Masters","449","https://scryfall.com/card/cmm/449/forest?utm_source=api"
"Forest","2023-08-04","cmm","Commander Masters","450","https://scryfall.com/card/cmm/450/forest?utm_source=api"
"Forest","2023-08-04","cmm","Commander Masters","451","https://scryfall.com/card/cmm/451/forest?utm_source=api"
"Forest","2023-08-04","cmm","Commander Masters","797","https://scryfall.com/card/cmm/797/forest?utm_source=api"
"Forest","2023-08-04","cmm","Commander Masters","798","https://scryfall.com/card/cmm/798/forest?utm_source=api"
"Forest","2023-08-04","cmm","Commander Masters","799","https://scryfall.com/card/cmm/799/forest?utm_source=api"
"Forest","2023-09-08","woe","Wilds of Eldraine","266","https://scryfall.com/card/woe/266/forest?utm_source=api"
"Forest","2023-09-08","woe","Wilds of Eldraine","275","https://scryfall.com/card/woe/275/forest?utm_source=api"
"Forest","2023-09-08","woe","Wilds of Eldraine","276","https://scryfall.com/card/woe/276/forest?utm_source=api"
"Forest","2023-10-13","who","Doctor Who","1164","https://scryfall.com/card/who/1164/forest?utm_source=api"
"Forest","2023-10-13","who","Doctor Who","1165","https://scryfall.com/card/who/1165/forest?utm_source=api"
"Forest","2023-10-13","who","Doctor Who","204","https://scryfall.com/card/who/204/forest?utm_source=api"
"Forest","2023-10-13","who","Doctor Who","205","https://scryfall.com/card/who/205/forest?utm_source=api"
"Forest","2023-11-03","ltr","The Lord of the Rings: Tales of Middle-earth","721","https://scryfall.com/card/ltr/721/forest?utm_source=api"
"Forest","2023-11-03","ltr","The Lord of the Rings: Tales of Middle-earth","722","https://scryfall.com/card/ltr/722/forest?utm_source=api"
"Forest","2023-11-17","lci","The Lost Caverns of Ixalan","291","https://scryfall.com/card/lci/291/forest?utm_source=api"
"Forest","2023-11-17","lci","The Lost Caverns of Ixalan","401","https://scryfall.com/card/lci/401/forest?utm_source=api"
"Forest","2023-11-17","lci","The Lost Caverns of Ixalan","402","https://scryfall.com/card/lci/402/forest?utm_source=api"
"Forest // Forest","2023-11-17","rex","Jurassic World Collection","25","https://scryfall.com/card/rex/25/forest-forest?utm_source=api"
"Forest","2024-02-09","mkm","Murders at Karlov Manor","276","https://scryfall.com/card/mkm/276/forest?utm_source=api"
"Forest","2024-02-09","mkm","Murders at Karlov Manor","285","https://scryfall.com/card/mkm/285/forest?utm_source=api"
"Forest","2024-02-09","mkm","Murders at Karlov Manor","286","https://scryfall.com/card/mkm/286/forest?utm_source=api"
"Forest","2024-02-10","pss4","MKM Standard Showdown","5","https://scryfall.com/card/pss4/5/forest?utm_source=api"
"Forest","2024-02-23","clu","Ravnica: Clue Edition","270","https://scryfall.com/card/clu/270/forest?utm_source=api"
"Forest","2024-02-23","clu","Ravnica: Clue Edition","271","https://scryfall.com/card/clu/271/forest?utm_source=api"
"Forest","2024-02-23","clu","Ravnica: Clue Edition","272","https://scryfall.com/card/clu/272/forest?utm_source=api"
"Forest","2024-02-23","clu","Ravnica: Clue Edition","273","https://scryfall.com/card/clu/273/forest?utm_source=api"
"Forest","2024-03-08","pip","Fallout","325","https://scryfall.com/card/pip/325/forest?utm_source=api"
"Forest","2024-03-08","pip","Fallout","326","https://scryfall.com/card/pip/326/forest?utm_source=api"
"Forest","2024-03-08","pip","Fallout","853","https://scryfall.com/card/pip/853/forest?utm_source=api"
"Forest","2024-03-08","pip","Fallout","854","https://scryfall.com/card/pip/854/forest?utm_source=api"
"Forest","2024-04-19","otj","Outlaws of Thunder Junction","276","https://scryfall.com/card/otj/276/forest?utm_source=api"
"Forest","2024-04-19","otj","Outlaws of Thunder Junction","285","https://scryfall.com/card/otj/285/forest?utm_source=api"
"Forest","2024-04-19","otj","Outlaws of Thunder Junction","286","https://scryfall.com/card/otj/286/forest?utm_source=api"
"Forest","2024-06-14","mh3","Modern Horizons 3","308","https://scryfall.com/card/mh3/308/forest?utm_source=api"
"Forest","2024-06-14","mh3","Modern Horizons 3","318","https://scryfall.com/card/mh3/318/forest?utm_source=api"
"Forest","2024-06-14","mh3","Modern Horizons 3","319","https://scryfall.com/card/mh3/319/forest?utm_source=api"
"Forest","2024-06-14","mh3","Modern Horizons 3","505","https://scryfall.com/card/mh3/505/forest?utm_source=api"
"Forest","2024-06-14","mh3","Modern Horizons 3","506","https://scryfall.com/card/mh3/506/forest?utm_source=api"
"Forest","2024-07-05","acr","Assassin's Creed","109","https://scryfall.com/card/acr/109/forest?utm_source=api"
"Forest","2024-07-05","acr","Assassin's Creed","110","https://scryfall.com/card/acr/110/forest?utm_source=api"
"Forest","2024-08-02","blb","Bloomburrow","278","https://scryfall.com/card/blb/278/forest?utm_source=api"
"Forest","2024-08-02","blb","Bloomburrow","279","https://scryfall.com/card/blb/279/forest?utm_source=api"
"Forest","2024-08-02","blb","Bloomburrow","280","https://scryfall.com/card/blb/280/forest?utm_source=api"
"Forest","2024-08-02","blb","Bloomburrow","281","https://scryfall.com/card/blb/281/forest?utm_source=api"
"Forest","2024-08-02","blb","Bloomburrow","377","https://scryfall.com/card/blb/377/forest?utm_source=api"
"Forest","2024-08-02","blb","Bloomburrow","378","https://scryfall.com/card/blb/378/forest?utm_source=api"
"Snow-Covered Forest","2024-08-02","mb2","Mystery Booster 2","120","https://scryfall.com/card/mb2/120/snow-covered-forest?utm_source=api"
"Forest","2024-09-27","dsk","Duskmourn: House of Horror","276","https://scryfall.com/card/dsk/276/forest?utm_source=api"
"Forest","2024-09-27","dsk","Duskmourn: House of Horror","285","https://scryfall.com/card/dsk/285/forest?utm_source=api"
"Forest","2024-09-27","dsk","Duskmourn: House of Horror","286","https://scryfall.com/card/dsk/286/forest?utm_source=api"
"Forest","2024-09-30","plst","The List","LCI-401","https://scryfall.com/card/plst/LCI-401/forest?utm_source=api"
"Forest","2024-09-30","plst","The List","MKM-285","https://scryfall.com/card/plst/MKM-285/forest?utm_source=api"
"Forest","2024-09-30","plst","The List","WOE-276","https://scryfall.com/card/plst/WOE-276/forest?utm_source=api"
"Forest","2024-11-15","fdn","Foundations","280","https://scryfall.com/card/fdn/280/forest?utm_source=api"
"Forest","2024-11-15","fdn","Foundations","281","https://scryfall.com/card/fdn/281/forest?utm_source=api"
"Forest","2024-11-15","fdn","Foundations","290","https://scryfall.com/card/fdn/290/forest?utm_source=api"
"Forest","2024-11-15","fdn","Foundations","291","https://scryfall.com/card/fdn/291/forest?utm_source=api"
"Forest","2024-11-15","j25","Foundations Jumpstart","93","https://scryfall.com/card/j25/93/forest?utm_source=api"
"Forest","2024-11-15","j25","Foundations Jumpstart","94","https://scryfall.com/card/j25/94/forest?utm_source=api"
"Forest","2024-11-15","j25","Foundations Jumpstart","95","https://scryfall.com/card/j25/95/forest?utm_source=api"
"Forest","2024-12-02","plst","The List","NEO-292","https://scryfall.com/card/plst/NEO-292/forest?utm_source=api"
"Forest","2025-01-24","inr","Innistrad Remastered","296","https://scryfall.com/card/inr/296/forest?utm_source=api"
"Forest","2025-01-24","inr","Innistrad Remastered","297","https://scryfall.com/card/inr/297/forest?utm_source=api"
"Forest","2025-02-14","dft","Aetherdrift","276","https://scryfall.com/card/dft/276/forest?utm_source=api"
"Forest","2025-02-14","dft","Aetherdrift","289","https://scryfall.com/card/dft/289/forest?utm_source=api"
"Forest","2025-02-14","dft","Aetherdrift","290","https://scryfall.com/card/dft/290/forest?utm_source=api"
"Forest","2025-02-14","dft","Aetherdrift","291","https://scryfall.com/card/dft/291/forest?utm_source=api"
"Forest","2025-02-14","dft","Aetherdrift","511","https://scryfall.com/card/dft/511/forest?utm_source=api"
"Forest","2025-02-14","dft","Aetherdrift","516","https://scryfall.com/card/dft/516/forest?utm_source=api"
"Forest","2025-02-14","pl25","Year of the Snake 2025","6","https://scryfall.com/card/pl25/6/forest?utm_source=api"
"Forest","2025-04-11","tdm","Tarkir: Dragonstorm","276","https://scryfall.com/card/tdm/276/forest?utm_source=api"
"Forest","2025-04-11","tdm","Tarkir: Dragonstorm","285","https://scryfall.com/card/tdm/285/forest?utm_source=api"
"Forest","2025-04-11","tdm","Tarkir: Dragonstorm","286","https://scryfall.com/card/tdm/286/forest?utm_source=api"
"Forest","2025-04-11","tdm","Tarkir: Dragonstorm","291","https://scryfall.com/card/tdm/291/forest?utm_source=api"
"Forest","2025-05-12","plst","The List","JMP-73","https://scryfall.com/card/plst/JMP-73/forest?utm_source=api"
"Forest","2025-05-12","plst","The List","JMP-74","https://scryfall.com/card/plst/JMP-74/forest?utm_source=api"
"Forest","2025-05-12","plst","The List","JMP-76","https://scryfall.com/card/plst/JMP-76/forest?utm_source=api"
"Forest","2025-06-13","fin","Final Fantasy","306","https://scryfall.com/card/fin/306/forest?utm_source=api"
"Forest","2025-06-13","fin","Final Fantasy","307","https://scryfall.com/card/fin/307/forest?utm_source=api"
"Forest","2025-06-13","fin","Final Fantasy","308","https://scryfall.com/card/fin/308/forest?utm_source=api"
"Forest","2025-06-13","fin","Final Fantasy","576","https://scryfall.com/card/fin/576/forest?utm_source=api"
"Forest","2025-08-01","eoe","Edge of Eternities","266","https://scryfall.com/card/eoe/266/forest?utm_source=api"
"Forest","2025-08-01","eoe","Edge of Eternities","275","https://scryfall.com/card/eoe/275/forest?utm_source=api"
"Forest","2025-08-01","eoe","Edge of Eternities","276","https://scryfall.com/card/eoe/276/forest?utm_source=api"
"Forest","2025-08-01","eoe","Edge of Eternities","371","https://scryfall.com/card/eoe/371/forest?utm_source=api"
"Forest","2025-09-26","spm","Marvel's Spider-Man","193","https://scryfall.com/card/spm/193/forest?utm_source=api"
"Forest","2025-09-26","spm","Marvel's Spider-Man","198","https://scryfall.com/card/spm/198/forest?utm_source=api"
"Forest","2025-11-21","tla","Avatar: The Last Airbender","286","https://scryfall.com/card/tla/286/forest?utm_source=api"
"Forest","2025-11-21","tla","Avatar: The Last Airbender","291","https://scryfall.com/card/tla/291/forest?utm_source=api"
"Forest","2025-11-21","tla","Avatar: The Last Airbender","296","https://scryfall.com/card/tla/296/forest?utm_source=api"
"Forest","2025-12-05","fic","Final Fantasy Commander","482","https://scryfall.com/card/fic/482/forest?utm_source=api"
"Forest","2026-01-23","ecl","Lorwyn Eclipsed","273","https://scryfall.com/card/ecl/273/forest?utm_source=api"
"Forest","2026-01-23","ecl","Lorwyn Eclipsed","278","https://scryfall.com/card/ecl/278/forest?utm_source=api"
"Forest","2026-01-23","ecl","Lorwyn Eclipsed","283","https://scryfall.com/card/ecl/283/forest?utm_source=api"
"Forest","2026-03-06","tmt","Teenage Mutant Ninja Turtles","195","https://scryfall.com/card/tmt/195/forest?utm_source=api"
"Forest","2026-03-06","tmt","Teenage Mutant Ninja Turtles","257","https://scryfall.com/card/tmt/257/forest?utm_source=api"
"Forest","2026-03-06","tmt","Teenage Mutant Ninja Turtles","309","https://scryfall.com/card/tmt/309/forest?utm_source=api"
"Forest","2026-03-06","tmt","Teenage Mutant Ninja Turtles","314","https://scryfall.com/card/tmt/314/forest?utm_source=api"
"Forest","2026-03-06","tmt","Teenage Mutant Ninja Turtles","319","https://scryfall.com/card/tmt/319/forest?utm_source=api"
"Forest","2026-04-24","sos","Secrets of Strixhaven","271","https://scryfall.com/card/sos/271/forest?utm_source=api"
"Forest","2026-04-24","sos","Secrets of Strixhaven","280","https://scryfall.com/card/sos/280/forest?utm_source=api"
"Forest","2026-04-24","sos","Secrets of Strixhaven","281","https://scryfall.com/card/sos/281/forest?utm_source=api"
"Forest","2026-06-26","msh","Marvel Super Heroes","285","https://scryfall.com/card/msh/285/forest?utm_source=api"
"Forest","2026-06-26","msh","Marvel Super Heroes","286","https://scryfall.com/card/msh/286/forest?utm_source=api"
"Forest","2026-06-26","msh","Marvel Super Heroes","295","https://scryfall.com/card/msh/295/forest?utm_source=api"
"Forest","2026-06-26","msh","Marvel Super Heroes","296","https://scryfall.com/card/msh/296/forest?utm_source=api"
"Forest","2026-06-26","msh","Marvel Super Heroes","441","https://scryfall.com/card/msh/441/forest?utm_source=api"
"Forest","2026-06-26","msh","Marvel Super Heroes","442","https://scryfall.com/card/msh/442/forest?utm_source=api"
"Forest","2026-08-14","hob","The Hobbit","193","https://scryfall.com/card/hob/193/forest?utm_source=api"
"Forest","2026-08-14","hob","The Hobbit","198","https://scryfall.com/card/hob/198/forest?utm_source=api"
