"card","released_at","set","set_name","collector_number","scryfall_uri"
"Plains","1993-08-05","lea","Limited Edition Alpha","286","https://scryfall.com/card/lea/286/plains?utm_source=api"
"Plains","1993-08-05","lea","Limited Edition Alpha","287","https://scryfall.com/card/lea/287/plains?utm_source=api"
"Plains","1993-10-04","leb","Limited Edition Beta","288","https://scryfall.com/card/leb/288/plains?utm_source=api"
"Plains","1993-10-04","leb","Limited Edition Beta","289","https://scryfall.com/card/leb/289/plains?utm_source=api"
"Plains","1993-10-04","leb","Limited Edition Beta","290","https://scryfall.com/card/leb/290/plains?utm_source=api"
"Plains","1993-12-01","2ed","Unlimited Edition","288","https://scryfall.com/card/2ed/288/plains?utm_source=api"
"Plains","1993-12-01","2ed","Unlimited Edition","289","https://scryfall.com/card/2ed/289/plains?utm_source=api"
"Plains","1993-12-01","2ed","Unlimited Edition","290","https://scryfall.com/card/2ed/290/plains?utm_source=api"
"Plains","1993-12-10","ced","Collectors' Edition","288","https://scryfall.com/card/ced/288/plains?utm_source=api"
"Plains","1993-12-10","ced","Collectors' Edition","289","https://scryfall.com/card/ced/289/plains?utm_source=api"
"Plains","1993-12-10","ced","Collectors' Edition","290","https://scryfall.com/card/ced/290/plains?utm_source=api"
"Plains","1993-12-10","cei","Intl. Collectors' Edition","288","https://scryfall.com/card/cei/288/plains?utm_source=api"
"Plains","1993-12-10","cei","Intl. Collectors' Edition","289","https://scryfall.com/card/cei/289/plains?utm_source=api"
"Plains","1993-12-10","cei","Intl. Collectors' Edition","290","https://scryfall.com/card/cei/290/plains?utm_source=api"
"Plains","1994-04-11","3ed","Revised Edition","292","https://scryfall.com/card/3ed/292/plains?utm_source=api"
"Plains","1994-04-11","3ed","Revised Edition","293","https://scryfall.com/card/3ed/293/plains?utm_source=api"
"Plains","1994-04-11","3ed","Revised Edition","294","https://scryfall.com/card/3ed/294/plains?utm_source=api"
"Plains","1994-06-21","sum","Summer Magic / Edgar","292","https://scryfall.com/card/sum/292/plains?utm_source=api"
"Plains","1994-06-21","sum","Summer Magic / Edgar","293","https://scryfall.com/card/sum/293/plains?utm_source=api"
"Plains","1994-06-21","sum","Summer Magic / Edgar","294","https://scryfall.com/card/sum/294/plains?utm_source=api"
"Plains","1995-04-01","4ed","Fourth Edition","364","https://scryfall.com/card/4ed/364/plains?utm_source=api"
"Plains","1995-04-01","4ed","Fourth Edition","365","https://scryfall.com/card/4ed/365/plains?utm_source=api"
"Plains","1995-04-01","4ed","Fourth Edition","366","https://scryfall.com/card/4ed/366/plains?utm_source=api"
"Plains","1995-06-03","ice","Ice Age","364","https://scryfall.com/card/ice/364/plains?utm_source=api"
"Plains","1995-06-03","ice","Ice Age","365","https://scryfall.com/card/ice/365/plains?utm_source=api"
"Plains","1995-06-03","ice","Ice Age","366","https://scryfall.com/card/ice/366/plains?utm_source=api"
"Snow-Covered Plains","1995-06-03","ice","Ice Age","367","https://scryfall.com/card/ice/367/snow-covered-plains?utm_source=api"
"Plains","1996-05-01","ptc","Pro Tour Collector Set","bl364","https://scryfall.com/card/ptc/bl364/plains?utm_source=api"
"Plains","1996-05-01","ptc","Pro Tour Collector Set","bl365","https://scryfall.com/card/ptc/bl365/plains?utm_source=api"
"Plains","1996-05-01","ptc","Pro Tour Collector Set","bl366","https://scryfall.com/card/ptc/bl366/plains?utm_source=api"
"Plains","1996-05-01","ptc","Pro Tour Collector Set","et364","https://scryfall.com/card/ptc/et364/plains?utm_source=api"
"Plains","1996-05-01","ptc","Pro Tour Collector Set","et365","https://scryfall.com/card/ptc/et365/plains?utm_source=api"
"Plains","1996-05-01","ptc","Pro Tour Collector Set","et366","https://scryfall.com/card/ptc/et366/plains?utm_source=api"
"Plains","1996-05-01","ptc","Pro Tour Collector Set","mj364","https://scryfall.com/card/ptc/mj364/plains?utm_source=api"
"Plains","1996-05-01","ptc","Pro Tour Collector Set","mj365","https://scryfall.com/card/ptc/mj365/plains?utm_source=api"
"Plains","1996-05-01","ptc","Pro Tour Collector Set","mj366","https://scryfall.com/card/ptc/mj366/plains?utm_source=api"
"Plains","1996-05-01","ptc","Pro Tour Collector Set","ml364","https://scryfall.com/card/ptc/ml364/plains?utm_source=api"
"Plains","1996-05-01","ptc","Pro Tour Collector Set","ml365","https://scryfall.com/card/ptc/ml365/plains?utm_source=api"
"Plains","1996-05-01","ptc","Pro Tour Collector Set","ml366","https://scryfall.com/card/ptc/ml366/plains?utm_source=api"
"Plains","1996-05-01","ptc","Pro Tour Collector Set","pp364","https://scryfall.com/card/ptc/pp364/plains?utm_source=api"
"Plains","1996-05-01","ptc","Pro Tour Collector Set","pp365","https://scryfall.com/card/ptc/pp365/plains?utm_source=api"
"Plains","1996-05-01","ptc","Pro Tour Collector Set","pp366","https://scryfall.com/card/ptc/pp366/plains?utm_source=api"
"Plains","1996-05-01","ptc","Pro Tour Collector Set","shr364","https://scryfall.com/card/ptc/shr364/plains?utm_source=api"
"Plains","1996-05-01","ptc","Pro Tour Collector Set","shr365","https://scryfall.com/card/ptc/shr365/plains?utm_source=api"
"Plains","1996-05-01","ptc","Pro Tour Collector Set","shr366","https://scryfall.com/card/ptc/shr366/plains?utm_source=api"
"Plains","1996-07-01","rqs","Rivals Quick Start Set","52","https://scryfall.com/card/rqs/52/plains?utm_source=api"
"Plains","1996-07-01","rqs","Rivals Quick Start Set","53","https://scryfall.com/card/rqs/53/plains?utm_source=api"
"Plains","1996-07-01","rqs","Rivals Quick Start Set","54","https://scryfall.com/card/rqs/54/plains?utm_source=api"
"Plains","1996-08-02","parl","Arena League 1996","1","https://scryfall.com/card/parl/1/plains?utm_source=api"
"Plains","1996-10-08","mir","Mirage","331","https://scryfall.com/card/mir/331/plains?utm_source=api"
"Plains","1996-10-08","mir","Mirage","332","https://scryfall.com/card/mir/332/plains?utm_source=api"
"Plains","1996-10-08","mir","Mirage","333","https://scryfall.com/card/mir/333/plains?utm_source=api"
"Plains","1996-10-08","mir","Mirage","334","https://scryfall.com/card/mir/334/plains?utm_source=api"
"Plains","1996-12-31","itp","Introductory Two-Player Set","53","https://scryfall.com/card/itp/53/plains?utm_source=api"
"Plains","1996-12-31","itp","Introductory Two-Player Set","54","https://scryfall.com/card/itp/54/plains?utm_source=api"
"Plains","1996-12-31","itp","Introductory Two-Player Set","55","https://scryfall.com/card/itp/55/plains?utm_source=api"
"Plains","1997-03-24","5ed","Fifth Edition","430","https://scryfall.com/card/5ed/430/plains?utm_source=api"
"Plains","1997-03-24","5ed","Fifth Edition","431","https://scryfall.com/card/5ed/431/plains?utm_source=api"
"Plains","1997-03-24","5ed","Fifth Edition","432","https://scryfall.com/card/5ed/432/plains?utm_source=api"
"Plains","1997-03-24","5ed","Fifth Edition","433","https://scryfall.com/card/5ed/433/plains?utm_source=api"
"Plains","1997-05-01","por","Portal","196","https://scryfall.com/card/por/196/plains?utm_source=api"
"Plains","1997-05-01","por","Portal","197","https://scryfall.com/card/por/197/plains?utm_source=api"
"Plains","1997-05-01","por","Portal","198","https://scryfall.com/card/por/198/plains?utm_source=api"
"Plains","1997-05-01","por","Portal","199","https://scryfall.com/card/por/199/plains?utm_source=api"
"Plains","1997-05-30","olep","Oversized League Prizes","1","https://scryfall.com/card/olep/1/plains?utm_source=api"
"Plains","1997-08-13","wc97","World Championship Decks 1997","jk430","https://scryfall.com/card/wc97/jk430/plains?utm_source=api"
"Plains","1997-08-13","wc97","World Championship Decks 1997","jk431","https://scryfall.com/card/wc97/jk431/plains?utm_source=api"
"Plains","1997-08-13","wc97","World Championship Decks 1997","jk432","https://scryfall.com/card/wc97/jk432/plains?utm_source=api"
"Plains","1997-08-13","wc97","World Championship Decks 1997","jk433","https://scryfall.com/card/wc97/jk433/plains?utm_source=api"
"Plains","1997-10-14","tmp","Tempest","331","https://scryfall.com/card/tmp/331/plains?utm_source=api"
"Plains","1997-10-14","tmp","Tempest","332","https://scryfall.com/card/tmp/332/plains?utm_source=api"
"Plains","1997-10-14","tmp","Tempest","333","https://scryfall.com/card/tmp/333/plains?utm_source=api"
"Plains","1997-10-14","tmp","Tempest","334","https://scryfall.com/card/tmp/334/plains?utm_source=api"
"Plains","1998-06-24","p02","Portal Second Age","151","https://scryfall.com/card/p02/151/plains?utm_source=api"
"Plains","1998-06-24","p02","Portal Second Age","152","https://scryfall.com/card/p02/152/plains?utm_source=api"
"Plains","1998-06-24","p02","Portal Second Age","153","https://scryfall.com/card/p02/153/plains?utm_source=api"
"Plains","1998-08-11","ugl","Unglued","84","https://scryfall.com/card/ugl/84/plains?utm_source=api"
"Plains","1998-08-12","wc98","World Championship Decks 1998","bh331","https://scryfall.com/card/wc98/bh331/plains?utm_source=api"
"Plains","1998-08-12","wc98","World Championship Decks 1998","bh332","https://scryfall.com/card/wc98/bh332/plains?utm_source=api"
"Plains","1998-08-12","wc98","World Championship Decks 1998","bh333","https://scryfall.com/card/wc98/bh333/plains?utm_source=api"
"Plains","1998-08-12","wc98","World Championship Decks 1998","bh334","https://scryfall.com/card/wc98/bh334/plains?utm_source=api"
"Plains","1998-09-01","palp","Asia Pacific Land Program","14","https://scryfall.com/card/palp/14/plains?utm_source=api"
"Plains","1998-09-01","palp","Asia Pacific Land Program","4","https://scryfall.com/card/palp/4/plains?utm_source=api"
"Plains","1998-09-01","palp","Asia Pacific Land Program","9","https://scryfall.com/card/palp/9/plains?utm_source=api"
"Plains","1998-10-12","usg","Urza's Saga","331","https://scryfall.com/card/usg/331/plains?utm_source=api"
"Plains","1998-10-12","usg","Urza's Saga","332","https://scryfall.com/card/usg/332/plains?utm_source=api"
"Plains","1998-10-12","usg","Urza's Saga","333","https://scryfall.com/card/usg/333/plains?utm_source=api"
"Plains","1998-10-12","usg","Urza's Saga","334","https://scryfall.com/card/usg/334/plains?utm_source=api"
"Plains","1998-11-01","ath","Anthologies","78","https://scryfall.com/card/ath/78/plains?utm_source=api"
"Plains","1998-11-01","ath","Anthologies","79","https://scryfall.com/card/ath/79/plains?utm_source=api"
"Plains","1999-01-01","pal99","Arena League 1999","7","https://scryfall.com/card/pal99/7/plains?utm_source=api"
"Plains","1999-04-21","6ed","Classic Sixth Edition","331","https://scryfall.com/card/6ed/331/plains?utm_source=api"
"Plains","1999-04-21","6ed","Classic Sixth Edition","332","https://scryfall.com/card/6ed/332/plains?utm_source=api"
"Plains","1999-04-21","6ed","Classic Sixth Edition","333","https://scryfall.com/card/6ed/333/plains?utm_source=api"
"Plains","1999-04-21","6ed","Classic Sixth Edition","334","https://scryfall.com/card/6ed/334/plains?utm_source=api"
"Plains","1999-05-01","ptk","Portal Three Kingdoms","166","https://scryfall.com/card/ptk/166/plains?utm_source=api"
"Plains","1999-05-01","ptk","Portal Three Kingdoms","167","https://scryfall.com/card/ptk/167/plains?utm_source=api"
"Plains","1999-05-01","ptk","Portal Three Kingdoms","168","https://scryfall.com/card/ptk/168/plains?utm_source=api"
"Plains","1999-07-01","s99","Starter 1999","154","https://scryfall.com/card/s99/154/plains?utm_source=api"
"Plains","1999-07-01","s99","Starter 1999","155","https://scryfall.com/card/s99/155/plains?utm_source=api"
"Plains","1999-07-01","s99","Starter 1999","156","https://scryfall.com/card/s99/156/plains?utm_source=api"
"Plains","1999-07-01","s99","Starter 1999","157","https://scryfall.com/card/s99/157/plains?utm_source=api"
"Plains","1999-07-12","pgru","Guru","1","https://scryfall.com/card/pgru/1/plains?utm_source=api"
"Plains","1999-10-04","mmq","Mercadian Masques","331","https://scryfall.com/card/mmq/331/plains?utm_source=api"
"Plains","1999-10-04","mmq","Mercadian Masques","332","https://scryfall.com/card/mmq/332/plains?utm_source=api"
"Plains","1999-10-04","mmq","Mercadian Masques","333","https://scryfall.com/card/mmq/333/plains?utm_source=api"
"Plains","1999-10-04","mmq","Mercadian Masques","334","https://scryfall.com/card/mmq/334/plains?utm_source=api"
"Plains","1999-11-12","brb","Battle Royale Box Set","124","https://scryfall.com/card/brb/124/plains?utm_source=api"
"Plains","1999-11-12","brb","Battle Royale Box Set","125","https://scryfall.com/card/brb/125/plains?utm_source=api"
"Plains","1999-11-12","brb","Battle Royale Box Set","126","https://scryfall.com/card/brb/126/plains?utm_source=api"
"Plains","1999-11-12","brb","Battle Royale Box Set","127","https://scryfall.com/card/brb/127/plains?utm_source=api"
"Plains","1999-11-12","brb","Battle Royale Box Set","128","https://scryfall.com/card/brb/128/plains?utm_source=api"
"Plains","1999-11-12","brb","Battle Royale Box Set","129","https://scryfall.com/card/brb/129/plains?utm_source=api"
"Plains","1999-11-12","brb","Battle Royale Box Set","130","https://scryfall.com/card/brb/130/plains?utm_source=api"
"Plains","1999-11-12","brb","Battle Royale Box Set","131","https://scryfall.com/card/brb/131/plains?utm_source=api"
"Plains","1999-11-12","brb","Battle Royale Box Set","132","https://scryfall.com/card/brb/132/plains?utm_source=api"
"Plains","2000-01-01","pal00","Arena League 2000","8","https://scryfall.com/card/pal00/8/plains?utm_source=api"
"Plains","2000-02-05","pelp","European Land Program","14","https://scryfall.com/card/pelp/14/plains?utm_source=api"
"Plains","2000-02-05","pelp","European Land Program","4","https://scryfall.com/card/pelp/4/plains?utm_source=api"
"Plains","2000-02-05","pelp","European Land Program","9","https://scryfall.com/card/pelp/9/plains?utm_source=api"
"Plains","2000-08-02","wc00","World Championship Decks 2000","tvdl331","https://scryfall.com/card/wc00/tvdl331/plains?utm_source=api"
"Plains","2000-10-02","inv","Invasion","331","https://scryfall.com/card/inv/331/plains?utm_source=api"
"Plains","2000-10-02","inv","Invasion","332","https://scryfall.com/card/inv/332/plains?utm_source=api"
"Plains","2000-10-02","inv","Invasion","333","https://scryfall.com/card/inv/333/plains?utm_source=api"
"Plains","2000-10-02","inv","Invasion","334","https://scryfall.com/card/inv/334/plains?utm_source=api"
"Plains","2001-01-01","pal01","Arena League 2001","7","https://scryfall.com/card/pal01/7/plains?utm_source=api"
"Plains","2001-04-11","7ed","Seventh Edition","341","https://scryfall.com/card/7ed/341/plains?utm_source=api"
"Plains","2001-04-11","7ed","Seventh Edition","341★","https://scryfall.com/card/7ed/341%E2%98%85/plains?utm_source=api"
"Plains","2001-04-11","7ed","Seventh Edition","342","https://scryfall.com/card/7ed/342/plains?utm_source=api"
"Plains","2001-04-11","7ed","Seventh Edition","342★","https://scryfall.com/card/7ed/342%E2%98%85/plains?utm_source=api"
"Plains","2001-04-11","7ed","Seventh Edition","343","https://scryfall.com/card/7ed/343/plains?utm_source=api"
"Plains","2001-04-11","7ed","Seventh Edition","343★","https://scryfall.com/card/7ed/343%E2%98%85/plains?utm_source=api"
"Plains","2001-04-11","7ed","Seventh Edition","344","https://scryfall.com/card/7ed/344/plains?utm_source=api"
"Plains","2001-04-11","7ed","Seventh Edition","344★","https://scryfall.com/card/7ed/344%E2%98%85/plains?utm_source=api"
"Plains","2001-10-01","ody","Odyssey","331","https://scryfall.com/card/ody/331/plains?utm_source=api"
"Plains","2001-10-01","ody","Odyssey","332","https://scryfall.com/card/ody/332/plains?utm_source=api"
"Plains","2001-10-01","ody","Odyssey","333","https://scryfall.com/card/ody/333/plains?utm_source=api"
"Plains","2001-10-01","ody","Odyssey","334","https://scryfall.com/card/ody/334/plains?utm_source=api"
"Plains","2002-10-07","ons","Onslaught","331","https://scryfall.com/card/ons/331/plains?utm_source=api"
"Plains","2002-10-07","ons","Onslaught","332","https://scryfall.com/card/ons/332/plains?utm_source=api"
"Plains","2002-10-07","ons","Onslaught","333","https://scryfall.com/card/ons/333/plains?utm_source=api"
"Plains","2002-10-07","ons","Onslaught","334","https://scryfall.com/card/ons/334/plains?utm_source=api"
"Plains","2002-12-01","wc02","World Championship Decks 2002","bk331a","https://scryfall.com/card/wc02/bk331a/plains?utm_source=api"
"Plains","2002-12-01","wc02","World Championship Decks 2002","bk333","https://scryfall.com/card/wc02/bk333/plains?utm_source=api"
"Plains","2002-12-01","wc02","World Championship Decks 2002","bk341","https://scryfall.com/card/wc02/bk341/plains?utm_source=api"
"Plains","2003-01-01","pal03","Arena League 2003","1","https://scryfall.com/card/pal03/1/plains?utm_source=api"
"Plains","2003-07-28","8ed","Eighth Edition","331","https://scryfall.com/card/8ed/331/plains?utm_source=api"
"Plains","2003-07-28","8ed","Eighth Edition","331★","https://scryfall.com/card/8ed/331%E2%98%85/plains?utm_source=api"
"Plains","2003-07-28","8ed","Eighth Edition","332","https://scryfall.com/card/8ed/332/plains?utm_source=api"
"Plains","2003-07-28","8ed","Eighth Edition","332★","https://scryfall.com/card/8ed/332%E2%98%85/plains?utm_source=api"
"Plains","2003-07-28","8ed","Eighth Edition","333","https://scryfall.com/card/8ed/333/plains?utm_source=api"
"Plains","2003-07-28","8ed","Eighth Edition","333★","https://scryfall.com/card/8ed/333%E2%98%85/plains?utm_source=api"
"Plains","2003-07-28","8ed","Eighth Edition","334","https://scryfall.com/card/8ed/334/plains?utm_source=api"
"Plains","2003-07-28","8ed","Eighth Edition","334★","https://scryfall.com/card/8ed/334%E2%98%85/plains?utm_source=api"
"Plains","2003-08-06","wc03","World Championship Decks 2003","dz331","https://scryfall.com/card/wc03/dz331/plains?utm_source=api"
"Plains","2003-08-06","wc03","World Championship Decks 2003","dz332","https://scryfall.com/card/wc03/dz332/plains?utm_source=api"
"Plains","2003-08-06","wc03","World Championship Decks 2003","dz333","https://scryfall.com/card/wc03/dz333/plains?utm_source=api"
"Plains","2003-10-02","mrd","Mirrodin","287","https://scryfall.com/card/mrd/287/plains?utm_source=api"
"Plains","2003-10-02","mrd","Mirrodin","288","https://scryfall.com/card/mrd/288/plains?utm_source=api"
"Plains","2003-10-02","mrd","Mirrodin","289","https://scryfall.com/card/mrd/289/plains?utm_source=api"
"Plains","2003-10-02","mrd","Mirrodin","290","https://scryfall.com/card/mrd/290/plains?utm_source=api"
"Plains","2004-01-01","pal04","Arena League 2004","1","https://scryfall.com/card/pal04/1/plains?utm_source=api"
"Plains","2004-09-01","wc04","World Championship Decks 2004","gn331","https://scryfall.com/card/wc04/gn331/plains?utm_source=api"
"Plains","2004-09-01","wc04","World Championship Decks 2004","gn332","https://scryfall.com/card/wc04/gn332/plains?utm_source=api"
"Plains","2004-09-01","wc04","World Championship Decks 2004","gn333","https://scryfall.com/card/wc04/gn333/plains?utm_source=api"
"Plains","2004-09-01","wc04","World Championship Decks 2004","jn332","https://scryfall.com/card/wc04/jn332/plains?utm_source=api"
"Plains","2004-09-01","wc04","World Championship Decks 2004","jn333","https://scryfall.com/card/wc04/jn333/plains?utm_source=api"
"Plains","2004-09-01","wc04","World Championship Decks 2004","jn334","https://scryfall.com/card/wc04/jn334/plains?utm_source=api"
"Plains","2004-10-01","chk","Champions of Kamigawa","287","https://scryfall.com/card/chk/287/plains?utm_source=api"
"Plains","2004-10-01","chk","Champions of Kamigawa","288","https://scryfall.com/card/chk/288/plains?utm_source=api"
"Plains","2004-10-01","chk","Champions of Kamigawa","289","https://scryfall.com/card/chk/289/plains?utm_source=api"
"Plains","2004-10-01","chk","Champions of Kamigawa","290","https://scryfall.com/card/chk/290/plains?utm_source=api"
"Plains","2004-11-19","unh","Unhinged","136","https://scryfall.com/card/unh/136/plains?utm_source=api"
"Plains","2005-01-01","pal05","Arena League 2005","1","https://scryfall.com/card/pal05/1/plains?utm_source=api"
"Plains","2005-07-29","9ed","Ninth Edition","331","https://scryfall.com/card/9ed/331/plains?utm_source=api"
"Plains","2005-07-29","9ed","Ninth Edition","331★","https://scryfall.com/card/9ed/331%E2%98%85/plains?utm_source=api"
"Plains","2005-07-29","9ed","Ninth Edition","332","https://scryfall.com/card/9ed/332/plains?utm_source=api"
"Plains","2005-07-29","9ed","Ninth Edition","332★","https://scryfall.com/card/9ed/332%E2%98%85/plains?utm_source=api"
"Plains","2005-07-29","9ed","Ninth Edition","333","https://scryfall.com/card/9ed/333/plains?utm_source=api"
"Plains","2005-07-29","9ed","Ninth Edition","333★","https://scryfall.com/card/9ed/333%E2%98%85/plains?utm_source=api"
"Plains","2005-07-29","9ed","Ninth Edition","334","https://scryfall.com/card/9ed/334/plains?utm_source=api"
"Plains","2005-07-29","9ed","Ninth Edition","334★","https://scryfall.com/card/9ed/334%E2%98%85/plains?utm_source=api"
"Plains","2005-10-07","rav","Ravnica: City of Guilds","287","https://scryfall.com/card/rav/287/plains?utm_source=api"
"Plains","2005-10-07","rav","Ravnica: City of Guilds","288","https://scryfall.com/card/rav/288/plains?utm_source=api"
"Plains","2005-10-07","rav","Ravnica: City of Guilds","289","https://scryfall.com/card/rav/289/plains?utm_source=api"
"Plains","2005-10-07","rav","Ravnica: City of Guilds","290","https://scryfall.com/card/rav/290/plains?utm_source=api"
"Plains","2006-01-01","pal06","Arena League 2006","1","https://scryfall.com/card/pal06/1/plains?utm_source=api"
"Snow-Covered Plains","2006-07-21","csp","Coldsnap","151","https://scryfall.com/card/csp/151/snow-covered-plains?utm_source=api"
"Plains","2006-07-21","cst","Coldsnap Theme Decks","369","https://scryfall.com/card/cst/369/plains?utm_source=api"
"Plains","2006-07-21","cst","Coldsnap Theme Decks","370","https://scryfall.com/card/cst/370/plains?utm_source=api"
"Plains","2006-07-21","cst","Coldsnap Theme Decks","371","https://scryfall.com/card/cst/371/plains?utm_source=api"
"Plains","2006-10-06","tsp","Time Spiral","282","https://scryfall.com/card/tsp/282/plains?utm_source=api"
"Plains","2006-10-06","tsp","Time Spiral","283","https://scryfall.com/card/tsp/283/plains?utm_source=api"
"Plains","2006-10-06","tsp","Time Spiral","284","https://scryfall.com/card/tsp/284/plains?utm_source=api"
"Plains","2006-10-06","tsp","Time Spiral","285","https://scryfall.com/card/tsp/285/plains?utm_source=api"
"Plains","2007-07-13","10e","Tenth Edition","364","https://scryfall.com/card/10e/364/plains?utm_source=api"
"Plains","2007-07-13","10e","Tenth Edition","365","https://scryfall.com/card/10e/365/plains?utm_source=api"
"Plains","2007-07-13","10e","Tenth Edition","366","https://scryfall.com/card/10e/366/plains?utm_source=api"
"Plains","2007-07-13","10e","Tenth Edition","367","https://scryfall.com/card/10e/367/plains?utm_source=api"
"Plains","2007-10-12","lrw","Lorwyn","282","https://scryfall.com/card/lrw/282/plains?utm_source=api"
"Plains","2007-10-12","lrw","Lorwyn","283","https://scryfall.com/card/lrw/283/plains?utm_source=api"
"Plains","2007-10-12","lrw","Lorwyn","284","https://scryfall.com/card/lrw/284/plains?utm_source=api"
"Plains","2007-10-12","lrw","Lorwyn","285","https://scryfall.com/card/lrw/285/plains?utm_source=api"
"Plains","2008-05-02","shm","Shadowmoor","282","https://scryfall.com/card/shm/282/plains?utm_source=api"
"Plains","2008-05-02","shm","Shadowmoor","283","https://scryfall.com/card/shm/283/plains?utm_source=api"
"Plains","2008-05-02","shm","Shadowmoor","284","https://scryfall.com/card/shm/284/plains?utm_source=api"
"Plains","2008-05-02","shm","Shadowmoor","285","https://scryfall.com/card/shm/285/plains?utm_source=api"
"Plains","2008-10-03","ala","Shards of Alara","230","https://scryfall.com/card/ala/230/plains?utm_source=api"
"Plains","2008-10-03","ala","Shards of Alara","231","https://scryfall.com/card/ala/231/plains?utm_source=api"
"Plains","2008-10-03","ala","Shards of Alara","232","https://scryfall.com/card/ala/232/plains?utm_source=api"
"Plains","2008-10-03","ala","Shards of Alara","233","https://scryfall.com/card/ala/233/plains?utm_source=api"
"Plains","2009-04-10","ddc","Duel Decks: Divine vs. Demonic","26","https://scryfall.com/card/ddc/26/plains?utm_source=api"
"Plains","2009-04-10","ddc","Duel Decks: Divine vs. Demonic","27","https://scryfall.com/card/ddc/27/plains?utm_source=api"
"Plains","2009-04-10","ddc","Duel Decks: Divine vs. Demonic","28","https://scryfall.com/card/ddc/28/plains?utm_source=api"
"Plains","2009-04-10","ddc","Duel Decks: Divine vs. Demonic","29","https://scryfall.com/card/ddc/29/plains?utm_source=api"
"Plains","2009-07-17","m10","Magic 2010","230","https://scryfall.com/card/m10/230/plains?utm_source=api"
"Plains","2009-07-17","m10","Magic 2010","231","https://scryfall.com/card/m10/231/plains?utm_source=api"
"Plains","2009-07-17","m10","Magic 2010","232","https://scryfall.com/card/m10/232/plains?utm_source=api"
"Plains","2009-07-17","m10","Magic 2010","233","https://scryfall.com/card/m10/233/plains?utm_source=api"
"Plains","2009-09-04","hop","Planechase","142","https://scryfall.com/card/hop/142/plains?utm_source=api"
"Plains","2009-09-04","hop","Planechase","143","https://scryfall.com/card/hop/143/plains?utm_source=api"
"Plains","2009-09-04","hop","Planechase","144","https://scryfall.com/card/hop/144/plains?utm_source=api"
"Plains","2009-09-04","hop","Planechase","145","https://scryfall.com/card/hop/145/plains?utm_source=api"
"Plains","2009-09-04","hop","Planechase","146","https://scryfall.com/card/hop/146/plains?utm_source=api"
"Plains","2009-10-02","zen","Zendikar","230","https://scryfall.com/card/zen/230/plains?utm_source=api"
"Plains","2009-10-02","zen","Zendikar","230a","https://scryfall.com/card/zen/230a/plains?utm_source=api"
"Plains","2009-10-02","zen","Zendikar","231","https://scryfall.com/card/zen/231/plains?utm_source=api"
"Plains","2009-10-02","zen","Zendikar","231a","https://scryfall.com/card/zen/231a/plains?utm_source=api"
"Plains","2009-10-02","zen","Zendikar","232","https://scryfall.com/card/zen/232/plains?utm_source=api"
"Plains","2009-10-02","zen","Zendikar","232a","https://scryfall.com/card/zen/232a/plains?utm_source=api"
"Plains","2009-10-02","zen","Zendikar","233","https://scryfall.com/card/zen/233/plains?utm_source=api"
"Plains","2009-10-02","zen","Zendikar","233a","https://scryfall.com/card/zen/233a/plains?utm_source=api"
"Plains","2009-11-20","h09","Premium Deck Series: Slivers","37","https://scryfall.com/card/h09/37/plains?utm_source=api"
"Plains","2010-03-19","dde","Duel Decks: Phyrexia vs. the Coalition","67","https://scryfall.com/card/dde/67/plains?utm_source=api"
"Plains","2010-04-23","roe","Rise of the Eldrazi","229","https://scryfall.com/card/roe/229/plains?utm_source=api"
"Plains","2010-04-23","roe","Rise of the Eldrazi","230","https://scryfall.com/card/roe/230/plains?utm_source=api"
"Plains","2010-04-23","roe","Rise of the Eldrazi","231","https://scryfall.com/card/roe/231/plains?utm_source=api"
"Plains","2010-04-23","roe","Rise of the Eldrazi","232","https://scryfall.com/card/roe/232/plains?utm_source=api"
"Plains","2010-06-18","arc","Archenemy","137","https://scryfall.com/card/arc/137/plains?utm_source=api"
"Plains","2010-06-18","arc","Archenemy","138","https://scryfall.com/card/arc/138/plains?utm_source=api"
"Plains","2010-07-16","m11","Magic 2011","230","https://scryfall.com/card/m11/230/plains?utm_source=api"
"Plains","2010-07-16","m11","Magic 2011","231","https://scryfall.com/card/m11/231/plains?utm_source=api"
"Plains","2010-07-16","m11","Magic 2011","232","https://scryfall.com/card/m11/232/plains?utm_source=api"
"Plains","2010-07-16","m11","Magic 2011","233","https://scryfall.com/card/m11/233/plains?utm_source=api"
"Plains","2010-09-03","ddf","Duel Decks: Elspeth vs. Tezzeret","35","https://scryfall.com/card/ddf/35/plains?utm_source=api"
"Plains","2010-09-03","ddf","Duel Decks: Elspeth vs. Tezzeret","36","https://scryfall.com/card/ddf/36/plains?utm_source=api"
"Plains","2010-09-03","ddf","Duel Decks: Elspeth vs. Tezzeret","37","https://scryfall.com/card/ddf/37/plains?utm_source=api"
"Plains","2010-09-03","ddf","Duel Decks: Elspeth vs. Tezzeret","38","https://scryfall.com/card/ddf/38/plains?utm_source=api"
"Plains","2010-10-01","som","Scars of Mirrodin","230","https://scryfall.com/card/som/230/plains?utm_source=api"
"Plains","2010-10-01","som","Scars of Mirrodin","231","https://scryfall.com/card/som/231/plains?utm_source=api"
"Plains","2010-10-01","som","Scars of Mirrodin","232","https://scryfall.com/card/som/232/plains?utm_source=api"
"Plains","2010-10-01","som","Scars of Mirrodin","233","https://scryfall.com/card/som/233/plains?utm_source=api"
"Plains","2011-02-04","mbs","Mirrodin Besieged","146","https://scryfall.com/card/mbs/146/plains?utm_source=api"
"Plains","2011-02-04","mbs","Mirrodin Besieged","147","https://scryfall.com/card/mbs/147/plains?utm_source=api"
"Plains","2011-04-01","ddg","Duel Decks: Knights vs. Dragons","39","https://scryfall.com/card/ddg/39/plains?utm_source=api"
"Plains","2011-04-01","ddg","Duel Decks: Knights vs. Dragons","40","https://scryfall.com/card/ddg/40/plains?utm_source=api"
"Plains","2011-04-01","ddg","Duel Decks: Knights vs. Dragons","41","https://scryfall.com/card/ddg/41/plains?utm_source=api"
"Plains","2011-04-01","ddg","Duel Decks: Knights vs. Dragons","42","https://scryfall.com/card/ddg/42/plains?utm_source=api"
"Plains","2011-05-13","nph","New Phyrexia","166","https://scryfall.com/card/nph/166/plains?utm_source=api"
"Plains","2011-05-13","nph","New Phyrexia","167","https://scryfall.com/card/nph/167/plains?utm_source=api"
"Plains","2011-06-17","cmd","Commander 2011","299","https://scryfall.com/card/cmd/299/plains?utm_source=api"
"Plains","2011-06-17","cmd","Commander 2011","300","https://scryfall.com/card/cmd/300/plains?utm_source=api"
"Plains","2011-06-17","cmd","Commander 2011","301","https://scryfall.com/card/cmd/301/plains?utm_source=api"
"Plains","2011-06-17","cmd","Commander 2011","302","https://scryfall.com/card/cmd/302/plains?utm_source=api"
"Plains","2011-07-15","m12","Magic 2012","230","https://scryfall.com/card/m12/230/plains?utm_source=api"
"Plains","2011-07-15","m12","Magic 2012","231","https://scryfall.com/card/m12/231/plains?utm_source=api"
"Plains","2011-07-15","m12","Magic 2012","232","https://scryfall.com/card/m12/232/plains?utm_source=api"
"Plains","2011-07-15","m12","Magic 2012","233","https://scryfall.com/card/m12/233/plains?utm_source=api"
"Plains","2011-09-02","ddh","Duel Decks: Ajani vs. Nicol Bolas","40","https://scryfall.com/card/ddh/40/plains?utm_source=api"
"Plains","2011-09-30","isd","Innistrad","250","https://scryfall.com/card/isd/250/plains?utm_source=api"
"Plains","2011-09-30","isd","Innistrad","251","https://scryfall.com/card/isd/251/plains?utm_source=api"
"Plains","2011-09-30","isd","Innistrad","252","https://scryfall.com/card/isd/252/plains?utm_source=api"
"Plains","2012-03-30","ddi","Duel Decks: Venser vs. Koth","38","https://scryfall.com/card/ddi/38/plains?utm_source=api"
"Plains","2012-03-30","ddi","Duel Decks: Venser vs. Koth","39","https://scryfall.com/card/ddi/39/plains?utm_source=api"
"Plains","2012-03-30","ddi","Duel Decks: Venser vs. Koth","40","https://scryfall.com/card/ddi/40/plains?utm_source=api"
"Plains","2012-05-04","avr","Avacyn Restored","230","https://scryfall.com/card/avr/230/plains?utm_source=api"
"Plains","2012-05-04","avr","Avacyn Restored","231","https://scryfall.com/card/avr/231/plains?utm_source=api"
"Plains","2012-05-04","avr","Avacyn Restored","232","https://scryfall.com/card/avr/232/plains?utm_source=api"
"Plains","2012-06-01","pc2","Planechase 2012","132","https://scryfall.com/card/pc2/132/plains?utm_source=api"
"Plains","2012-06-01","pc2","Planechase 2012","133","https://scryfall.com/card/pc2/133/plains?utm_source=api"
"Plains","2012-06-01","pc2","Planechase 2012","134","https://scryfall.com/card/pc2/134/plains?utm_source=api"
"Plains","2012-06-01","pc2","Planechase 2012","135","https://scryfall.com/card/pc2/135/plains?utm_source=api"
"Plains","2012-06-01","pc2","Planechase 2012","136","https://scryfall.com/card/pc2/136/plains?utm_source=api"
"Plains","2012-07-13","m13","Magic 2013","230","https://scryfall.com/card/m13/230/plains?utm_source=api"
"Plains","2012-07-13","m13","Magic 2013","231","https://scryfall.com/card/m13/231/plains?utm_source=api"
"Plains","2012-07-13","m13","Magic 2013","232","https://scryfall.com/card/m13/232/plains?utm_source=api"
"Plains","2012-07-13","m13","Magic 2013","233","https://scryfall.com/card/m13/233/plains?utm_source=api"
"Plains","2012-10-05","rtr","Return to Ravnica","250","https://scryfall.com/card/rtr/250/plains?utm_source=api"
"Plains","2012-10-05","rtr","Return to Ravnica","251","https://scryfall.com/card/rtr/251/plains?utm_source=api"
"Plains","2012-10-05","rtr","Return to Ravnica","252","https://scryfall.com/card/rtr/252/plains?utm_source=api"
"Plains","2012-10-05","rtr","Return to Ravnica","253","https://scryfall.com/card/rtr/253/plains?utm_source=api"
"Plains","2012-10-05","rtr","Return to Ravnica","254","https://scryfall.com/card/rtr/254/plains?utm_source=api"
"Plains","2013-03-15","ddk","Duel Decks: Sorin vs. Tibalt","38","https://scryfall.com/card/ddk/38/plains?utm_source=api"
"Plains","2013-03-15","ddk","Duel Decks: Sorin vs. Tibalt","39","https://scryfall.com/card/ddk/39/plains?utm_source=api"
"Plains","2013-03-15","ddk","Duel Decks: Sorin vs. Tibalt","40","https://scryfall.com/card/ddk/40/plains?utm_source=api"
"Plains","2013-04-27","pdgm","Dragon's Maze Promos","157★","https://scryfall.com/card/pdgm/157%E2%98%85/plains?utm_source=api"
"Plains","2013-07-19","m14","Magic 2014","230","https://scryfall.com/card/m14/230/plains?utm_source=api"
"Plains","2013-07-19","m14","Magic 2014","231","https://scryfall.com/card/m14/231/plains?utm_source=api"
"Plains","2013-07-19","m14","Magic 2014","232","https://scryfall.com/card/m14/232/plains?utm_source=api"
"Plains","2013-07-19","m14","Magic 2014","233","https://scryfall.com/card/m14/233/plains?utm_source=api"
"Plains","2013-09-06","ddl","Duel Decks: Heroes vs. Monsters","39","https://scryfall.com/card/ddl/39/plains?utm_source=api"
"Plains","2013-09-06","ddl","Duel Decks: Heroes vs. Monsters","40","https://scryfall.com/card/ddl/40/plains?utm_source=api"
"Plains","2013-09-06","ddl","Duel Decks: Heroes vs. Monsters","41","https://scryfall.com/card/ddl/41/plains?utm_source=api"
"Plains","2013-09-06","ddl","Duel Decks: Heroes vs. Monsters","42","https://scryfall.com/card/ddl/42/plains?utm_source=api"
"Plains","2013-09-27","ths","Theros","230","https://scryfall.com/card/ths/230/plains?utm_source=api"
"Plains","2013-09-27","ths","Theros","231","https://scryfall.com/card/ths/231/plains?utm_source=api"
"Plains","2013-09-27","ths","Theros","232","https://scryfall.com/card/ths/232/plains?utm_source=api"
"Plains","2013-09-27","ths","Theros","233","https://scryfall.com/card/ths/233/plains?utm_source=api"
"Plains","2013-11-01","c13","Commander 2013","337","https://scryfall.com/card/c13/337/plains?utm_source=api"
"Plains","2013-11-01","c13","Commander 2013","338","https://scryfall.com/card/c13/338/plains?utm_source=api"
"Plains","2013-11-01","c13","Commander 2013","339","https://scryfall.com/card/c13/339/plains?utm_source=api"
"Plains","2013-11-01","c13","Commander 2013","340","https://scryfall.com/card/c13/340/plains?utm_source=api"
"Plains","2014-01-01","j14","Judge Gift Cards 2014","1★","https://scryfall.com/card/j14/1%E2%98%85/plains?utm_source=api"
"Plains","2014-05-30","md1","Modern Event Deck 2014","19","https://scryfall.com/card/md1/19/plains?utm_source=api"
"Plains","2014-07-18","m15","Magic 2015","250","https://scryfall.com/card/m15/250/plains?utm_source=api"
"Plains","2014-07-18","m15","Magic 2015","251","https://scryfall.com/card/m15/251/plains?utm_source=api"
"Plains","2014-07-18","m15","Magic 2015","252","https://scryfall.com/card/m15/252/plains?utm_source=api"
"Plains","2014-07-18","m15","Magic 2015","253","https://scryfall.com/card/m15/253/plains?utm_source=api"
"Plains","2014-09-05","ddn","Duel Decks: Speed vs. Cunning","38","https://scryfall.com/card/ddn/38/plains?utm_source=api"
"Plains","2014-09-05","ddn","Duel Decks: Speed vs. Cunning","79","https://scryfall.com/card/ddn/79/plains?utm_source=api"
"Plains","2014-09-05","ddn","Duel Decks: Speed vs. Cunning","80","https://scryfall.com/card/ddn/80/plains?utm_source=api"
"Plains","2014-09-05","ddn","Duel Decks: Speed vs. Cunning","81","https://scryfall.com/card/ddn/81/plains?utm_source=api"
"Plains","2014-09-26","ktk","Khans of Tarkir","250","https://scryfall.com/card/ktk/250/plains?utm_source=api"
"Plains","2014-09-26","ktk","Khans of Tarkir","251","https://scryfall.com/card/ktk/251/plains?utm_source=api"
"Plains","2014-09-26","ktk","Khans of Tarkir","252","https://scryfall.com/card/ktk/252/plains?utm_source=api"
"Plains","2014-09-26","ktk","Khans of Tarkir","253","https://scryfall.com/card/ktk/253/plains?utm_source=api"
"Plains","2014-11-07","c14","Commander 2014","318","https://scryfall.com/card/c14/318/plains?utm_source=api"
"Plains","2014-11-07","c14","Commander 2014","319","https://scryfall.com/card/c14/319/plains?utm_source=api"
"Plains","2014-11-07","c14","Commander 2014","320","https://scryfall.com/card/c14/320/plains?utm_source=api"
"Plains","2014-11-07","c14","Commander 2014","321","https://scryfall.com/card/c14/321/plains?utm_source=api"
"Plains","2014-12-05","dvd","Duel Decks Anthology: Divine vs. Demonic","26","https://scryfall.com/card/dvd/26/plains?utm_source=api"
"Plains","2014-12-05","dvd","Duel Decks Anthology: Divine vs. Demonic","27","https://scryfall.com/card/dvd/27/plains?utm_source=api"
"Plains","2014-12-05","dvd","Duel Decks Anthology: Divine vs. Demonic","28","https://scryfall.com/card/dvd/28/plains?utm_source=api"
"Plains","2014-12-05","dvd","Duel Decks Anthology: Divine vs. Demonic","29","https://scryfall.com/card/dvd/29/plains?utm_source=api"
"Plains","2015-01-23","frf","Fate Reforged","176","https://scryfall.com/card/frf/176/plains?utm_source=api"
"Plains","2015-01-23","frf","Fate Reforged","177","https://scryfall.com/card/frf/177/plains?utm_source=api"
"Plains","2015-02-27","ddo","Duel Decks: Elspeth vs. Kiora","30","https://scryfall.com/card/ddo/30/plains?utm_source=api"
"Plains","2015-02-27","ddo","Duel Decks: Elspeth vs. Kiora","31","https://scryfall.com/card/ddo/31/plains?utm_source=api"
"Plains","2015-02-27","ddo","Duel Decks: Elspeth vs. Kiora","32","https://scryfall.com/card/ddo/32/plains?utm_source=api"
"Plains","2015-02-27","ddo","Duel Decks: Elspeth vs. Kiora","33","https://scryfall.com/card/ddo/33/plains?utm_source=api"
"Plains","2015-03-27","dtk","Dragons of Tarkir","250","https://scryfall.com/card/dtk/250/plains?utm_source=api"
"Plains","2015-03-27","dtk","Dragons of Tarkir","251","https://scryfall.com/card/dtk/251/plains?utm_source=api"
"Plains","2015-03-27","dtk","Dragons of Tarkir","252","https://scryfall.com/card/dtk/252/plains?utm_source=api"
"Plains","2015-07-17","ori","Magic Origins","253","https://scryfall.com/card/ori/253/plains?utm_source=api"
"Plains","2015-07-17","ori","Magic Origins","254","https://scryfall.com/card/ori/254/plains?utm_source=api"
"Plains","2015-07-17","ori","Magic Origins","255","https://scryfall.com/card/ori/255/plains?utm_source=api"
"Plains","2015-07-17","ori","Magic Origins","256","https://scryfall.com/card/ori/256/plains?utm_source=api"
"Plains","2015-08-28","ddp","Duel Decks: Zendikar vs. Eldrazi","35","https://scryfall.com/card/ddp/35/plains?utm_source=api"
"Plains","2015-08-28","ddp","Duel Decks: Zendikar vs. Eldrazi","36","https://scryfall.com/card/ddp/36/plains?utm_source=api"
"Plains","2015-08-28","ddp","Duel Decks: Zendikar vs. Eldrazi","37","https://scryfall.com/card/ddp/37/plains?utm_source=api"
"Plains","2015-10-02","bfz","Battle for Zendikar","250","https://scryfall.com/card/bfz/250/plains?utm_source=api"
"Plains","2015-10-02","bfz","Battle for Zendikar","250a","https://scryfall.com/card/bfz/250a/plains?utm_source=api"
"Plains","2015-10-02","bfz","Battle for Zendikar","251","https://scryfall.com/card/bfz/251/plains?utm_source=api"
"Plains","2015-10-02","bfz","Battle for Zendikar","251a","https://scryfall.com/card/bfz/251a/plains?utm_source=api"
"Plains","2015-10-02","bfz","Battle for Zendikar","252","https://scryfall.com/card/bfz/252/plains?utm_source=api"
"Plains","2015-10-02","bfz","Battle for Zendikar","252a","https://scryfall.com/card/bfz/252a/plains?utm_source=api"
"Plains","2015-10-02","bfz","Battle for Zendikar","253","https://scryfall.com/card/bfz/253/plains?utm_source=api"
"Plains","2015-10-02","bfz","Battle for Zendikar","253a","https://scryfall.com/card/bfz/253a/plains?utm_source=api"
"Plains","2015-10-02","bfz","Battle for Zendikar","254","https://scryfall.com/card/bfz/254/plains?utm_source=api"
"Plains","2015-10-02","bfz","Battle for Zendikar","254a","https://scryfall.com/card/bfz/254a/plains?utm_source=api"
"Plains","2015-11-13","c15","Commander 2015","323","https://scryfall.com/card/c15/323/plains?utm_source=api"
"Plains","2015-11-13","c15","Commander 2015","324","https://scryfall.com/card/c15/324/plains?utm_source=api"
"Plains","2015-11-13","c15","Commander 2015","325","https://scryfall.com/card/c15/325/plains?utm_source=api"
"Plains","2015-11-13","c15","Commander 2015","326","https://scryfall.com/card/c15/326/plains?utm_source=api"
"Plains","2016-02-26","ddq","Duel Decks: Blessed vs. Cursed","38","https://scryfall.com/card/ddq/38/plains?utm_source=api"
"Plains","2016-02-26","ddq","Duel Decks: Blessed vs. Cursed","39","https://scryfall.com/card/ddq/39/plains?utm_source=api"
"Plains","2016-02-26","ddq","Duel Decks: Blessed vs. Cursed","40","https://scryfall.com/card/ddq/40/plains?utm_source=api"
"Plains","2016-04-08","soi","Shadows over Innistrad","283","https://scryfall.com/card/soi/283/plains?utm_source=api"
"Plains","2016-04-08","soi","Shadows over Innistrad","284","https://scryfall.com/card/soi/284/plains?utm_source=api"
"Plains","2016-04-08","soi","Shadows over Innistrad","285","https://scryfall.com/card/soi/285/plains?utm_source=api"
"Plains","2016-09-30","kld","Kaladesh","250","https://scryfall.com/card/kld/250/plains?utm_source=api"
"Plains","2016-09-30","kld","Kaladesh","251","https://scryfall.com/card/kld/251/plains?utm_source=api"
"Plains","2016-09-30","kld","Kaladesh","252","https://scryfall.com/card/kld/252/plains?utm_source=api"
"Plains","2016-11-11","c16","Commander 2016","337","https://scryfall.com/card/c16/337/plains?utm_source=api"
"Plains","2016-11-11","c16","Commander 2016","338","https://scryfall.com/card/c16/338/plains?utm_source=api"
"Plains","2016-11-11","c16","Commander 2016","339","https://scryfall.com/card/c16/339/plains?utm_source=api"
"Plains","2016-11-25","pca","Planechase Anthology","132","https://scryfall.com/card/pca/132/plains?utm_source=api"
"Plains","2016-11-25","pca","Planechase Anthology","133","https://scryfall.com/card/pca/133/plains?utm_source=api"
"Plains","2016-11-25","pca","Planechase Anthology","134","https://scryfall.com/card/pca/134/plains?utm_source=api"
"Plains","2016-11-25","pca","Planechase Anthology","135","https://scryfall.com/card/pca/135/plains?utm_source=api"
"Plains","2016-11-25","pca","Planechase Anthology","136","https://scryfall.com/card/pca/136/plains?utm_source=api"
"Plains","2017-04-28","akh","Amonkhet","250","https://scryfall.com/card/akh/250/plains?utm_source=api"
"Plains","2017-04-28","akh","Amonkhet","255","https://scryfall.com/card/akh/255/plains?utm_source=api"
"Plains","2017-04-28","akh","Amonkhet","256","https://scryfall.com/card/akh/256/plains?utm_source=api"
"Plains","2017-04-28","akh","Amonkhet","257","https://scryfall.com/card/akh/257/plains?utm_source=api"
"Plains","2017-06-09","cma","Commander Anthology","285","https://scryfall.com/card/cma/285/plains?utm_source=api"
"Plains","2017-06-09","cma","Commander Anthology","286","https://scryfall.com/card/cma/286/plains?utm_source=api"
"Plains","2017-06-09","cma","Commander Anthology","287","https://scryfall.com/card/cma/287/plains?utm_source=api"
"Plains","2017-06-09","cma","Commander Anthology","288","https://scryfall.com/card/cma/288/plains?utm_source=api"
"Plains","2017-06-09","cma","Commander Anthology","289","https://scryfall.com/card/cma/289/plains?utm_source=api"
"Plains","2017-06-09","cma","Commander Anthology","290","https://scryfall.com/card/cma/290/plains?utm_source=api"
"Plains","2017-06-09","cma","Commander Anthology","291","https://scryfall.com/card/cma/291/plains?utm_source=api"
"Plains","2017-06-09","cma","Commander Anthology","292","https://scryfall.com/card/cma/292/plains?utm_source=api"
"Plains","2017-06-16","e01","Archenemy: Nicol Bolas","102","https://scryfall.com/card/e01/102/plains?utm_source=api"
"Plains","2017-06-16","e01","Archenemy: Nicol Bolas","97","https://scryfall.com/card/e01/97/plains?utm_source=api"
"Plains","2017-07-14","hou","Hour of Devastation","185","https://scryfall.com/card/hou/185/plains?utm_source=api"
"Plains","2017-07-14","hou","Hour of Devastation","190","https://scryfall.com/card/hou/190/plains?utm_source=api"
"Plains","2017-07-14","hou","Hour of Devastation","191","https://scryfall.com/card/hou/191/plains?utm_source=api"
"Plains","2017-08-25","c17","Commander 2017","295","https://scryfall.com/card/c17/295/plains?utm_source=api"
"Plains","2017-08-25","c17","Commander 2017","296","https://scryfall.com/card/c17/296/plains?utm_source=api"
"Plains","2017-08-25","c17","Commander 2017","297","https://scryfall.com/card/c17/297/plains?utm_source=api"
"Plains","2017-09-29","pss2","XLN Standard Showdown","1","https://scryfall.com/card/pss2/1/plains?utm_source=api"
"Plains","2017-09-29","xln","Ixalan","260","https://scryfall.com/card/xln/260/plains?utm_source=api"
"Plains","2017-09-29","xln","Ixalan","261","https://scryfall.com/card/xln/261/plains?utm_source=api"
"Plains","2017-09-29","xln","Ixalan","262","https://scryfall.com/card/xln/262/plains?utm_source=api"
"Plains","2017-09-29","xln","Ixalan","263","https://scryfall.com/card/xln/263/plains?utm_source=api"
"Plains","2017-10-20","g17","2017 Gift Pack","1","https://scryfall.com/card/g17/1/plains?utm_source=api"
"Plains","2017-12-08","ust","Unstable","212","https://scryfall.com/card/ust/212/plains?utm_source=api"
"Plains","2018-01-19","rix","Rivals of Ixalan","192","https://scryfall.com/card/rix/192/plains?utm_source=api"
"Plains","2018-04-27","dom","Dominaria","250","https://scryfall.com/card/dom/250/plains?utm_source=api"
"Plains","2018-04-27","dom","Dominaria","251","https://scryfall.com/card/dom/251/plains?utm_source=api"
"Plains","2018-04-27","dom","Dominaria","252","https://scryfall.com/card/dom/252/plains?utm_source=api"
"Plains","2018-04-27","dom","Dominaria","253","https://scryfall.com/card/dom/253/plains?utm_source=api"
"Plains","2018-06-08","bbd","Battlebond","250","https://scryfall.com/card/bbd/250/plains?utm_source=api"
"Plains","2018-06-08","cm2","Commander Anthology Volume II","279","https://scryfall.com/card/cm2/279/plains?utm_source=api"
"Plains","2018-06-08","cm2","Commander Anthology Volume II","280","https://scryfall.com/card/cm2/280/plains?utm_source=api"
"Plains","2018-06-08","cm2","Commander Anthology Volume II","281","https://scryfall.com/card/cm2/281/plains?utm_source=api"
"Plains","2018-06-08","cm2","Commander Anthology Volume II","282","https://scryfall.com/card/cm2/282/plains?utm_source=api"
"Plains","2018-06-08","cm2","Commander Anthology Volume II","283","https://scryfall.com/card/cm2/283/plains?utm_source=api"
"Plains","2018-06-08","cm2","Commander Anthology Volume II","284","https://scryfall.com/card/cm2/284/plains?utm_source=api"
"Plains","2018-06-08","cm2","Commander Anthology Volume II","285","https://scryfall.com/card/cm2/285/plains?utm_source=api"
"Plains","2018-06-14","pgpx","Grand Prix Promos","2018a","https://scryfall.com/card/pgpx/2018a/plains?utm_source=api"
"Plains","2018-06-22","gs1","Global Series Jiang Yanggu & Mu Yanling","20","https://scryfall.com/card/gs1/20/plains?utm_source=api"
"Plains","2018-07-13","m19","Core Set 2019","261","https://scryfall.com/card/m19/261/plains?utm_source=api"
"Plains","2018-07-13","m19","Core Set 2019","262","https://scryfall.com/card/m19/262/plains?utm_source=api"
"Plains","2018-07-13","m19","Core Set 2019","263","https://scryfall.com/card/m19/263/plains?utm_source=api"
"Plains","2018-07-13","m19","Core Set 2019","264","https://scryfall.com/card/m19/264/plains?utm_source=api"
"Plains","2018-07-13","pss3","M19 Standard Showdown","1","https://scryfall.com/card/pss3/1/plains?utm_source=api"
"Plains","2018-08-10","c18","Commander 2018","293","https://scryfall.com/card/c18/293/plains?utm_source=api"
"Plains","2018-08-10","c18","Commander 2018","294","https://scryfall.com/card/c18/294/plains?utm_source=api"
"Plains","2018-08-10","c18","Commander 2018","295","https://scryfall.com/card/c18/295/plains?utm_source=api"
"Plains","2018-10-05","grn","Guilds of Ravnica","260","https://scryfall.com/card/grn/260/plains?utm_source=api"
"Plains","2018-11-02","gk1","GRN Guild Kit","100","https://scryfall.com/card/gk1/100/plains?utm_source=api"
"Plains","2018-11-02","gk1","GRN Guild Kit","126","https://scryfall.com/card/gk1/126/plains?utm_source=api"
"Plains","2018-11-09","prwk","GRN Ravnica Weekend","A08","https://scryfall.com/card/prwk/A08/plains?utm_source=api"
"Plains","2018-11-09","prwk","GRN Ravnica Weekend","A10","https://scryfall.com/card/prwk/A10/plains?utm_source=api"
"Plains","2018-11-16","gnt","Game Night","59","https://scryfall.com/card/gnt/59/plains?utm_source=api"
"Plains","2018-11-16","gnt","Game Night","60","https://scryfall.com/card/gnt/60/plains?utm_source=api"
"Plains","2019-01-01","pf19","MagicFest 2019","2","https://scryfall.com/card/pf19/2/plains?utm_source=api"
"Plains","2019-01-25","rna","Ravnica Allegiance","260","https://scryfall.com/card/rna/260/plains?utm_source=api"
"Plains","2019-02-15","gk2","RNA Guild Kit","26","https://scryfall.com/card/gk2/26/plains?utm_source=api"
"Plains","2019-02-15","gk2","RNA Guild Kit","50","https://scryfall.com/card/gk2/50/plains?utm_source=api"
"Plains","2019-02-16","prw2","RNA Ravnica Weekend","B01","https://scryfall.com/card/prw2/B01/plains?utm_source=api"
"Plains","2019-02-16","prw2","RNA Ravnica Weekend","B03","https://scryfall.com/card/prw2/B03/plains?utm_source=api"
"Plains","2019-05-03","war","War of the Spark","250","https://scryfall.com/card/war/250/plains?utm_source=api"
"Plains","2019-05-03","war","War of the Spark","251","https://scryfall.com/card/war/251/plains?utm_source=api"
"Plains","2019-05-03","war","War of the Spark","252","https://scryfall.com/card/war/252/plains?utm_source=api"
"Snow-Covered Plains","2019-06-14","mh1","Modern Horizons","250","https://scryfall.com/card/mh1/250/snow-covered-plains?utm_source=api"
"Plains","2019-07-12","m20","Core Set 2020","261","https://scryfall.com/card/m20/261/plains?utm_source=api"
"Plains","2019-07-12","m20","Core Set 2020","262","https://scryfall.com/card/m20/262/plains?utm_source=api"
"Plains","2019-07-12","m20","Core Set 2020","263","https://scryfall.com/card/m20/263/plains?utm_source=api"
"Plains","2019-07-12","m20","Core Set 2020","264","https://scryfall.com/card/m20/264/plains?utm_source=api"
"Plains","2019-07-12","ppp1","M20 Promo Packs","1","https://scryfall.com/card/ppp1/1/plains?utm_source=api"
"Plains","2019-08-23","c19","Commander 2019","288","https://scryfall.com/card/c19/288/plains?utm_source=api"
"Plains","2019-08-23","c19","Commander 2019","289","https://scryfall.com/card/c19/289/plains?utm_source=api"
"Plains","2019-08-23","c19","Commander 2019","290","https://scryfall.com/card/c19/290/plains?utm_source=api"
"Plains","2019-10-04","eld","Throne of Eldraine","250","https://scryfall.com/card/eld/250/plains?utm_source=api"
"Plains","2019-10-04","eld","Throne of Eldraine","251","https://scryfall.com/card/eld/251/plains?utm_source=api"
"Plains","2019-10-04","eld","Throne of Eldraine","252","https://scryfall.com/card/eld/252/plains?utm_source=api"
"Plains","2019-10-04","eld","Throne of Eldraine","253","https://scryfall.com/card/eld/253/plains?utm_source=api"
"Plains","2019-11-15","gn2","Game Night 2019","55","https://scryfall.com/card/gn2/55/plains?utm_source=api"
"Plains","2019-11-15","gn2","Game Night 2019","56","https://scryfall.com/card/gn2/56/plains?utm_source=api"
"Plains","2020-01-01","pf20","MagicFest 2020","2","https://scryfall.com/card/pf20/2/plains?utm_source=api"
"Plains","2020-01-24","thb","Theros Beyond Death","250","https://scryfall.com/card/thb/250/plains?utm_source=api"
"Plains","2020-01-24","thb","Theros Beyond Death","278","https://scryfall.com/card/thb/278/plains?utm_source=api"
"Plains","2020-01-24","thb","Theros Beyond Death","279","https://scryfall.com/card/thb/279/plains?utm_source=api"
"Plains","2020-02-29","und","Unsanctioned","87","https://scryfall.com/card/und/87/plains?utm_source=api"
"Plains","2020-02-29","und","Unsanctioned","88","https://scryfall.com/card/und/88/plains?utm_source=api"
"Plains","2020-04-24","iko","Ikoria: Lair of Behemoths","260","https://scryfall.com/card/iko/260/plains?utm_source=api"
"Plains","2020-04-24","iko","Ikoria: Lair of Behemoths","261","https://scryfall.com/card/iko/261/plains?utm_source=api"
"Plains","2020-04-24","iko","Ikoria: Lair of Behemoths","262","https://scryfall.com/card/iko/262/plains?utm_source=api"
"Plains","2020-07-03","m21","Core Set 2021","260","https://scryfall.com/card/m21/260/plains?utm_source=api"
"Plains","2020-07-03","m21","Core Set 2021","261","https://scryfall.com/card/m21/261/plains?utm_source=api"
"Plains","2020-07-03","m21","Core Set 2021","262","https://scryfall.com/card/m21/262/plains?utm_source=api"
"Plains","2020-07-03","m21","Core Set 2021","309","https://scryfall.com/card/m21/309/plains?utm_source=api"
"Plains","2020-07-17","jmp","Jumpstart","38","https://scryfall.com/card/jmp/38/plains?utm_source=api"
"Plains","2020-07-17","jmp","Jumpstart","39","https://scryfall.com/card/jmp/39/plains?utm_source=api"
"Plains","2020-07-17","jmp","Jumpstart","40","https://scryfall.com/card/jmp/40/plains?utm_source=api"
"Plains","2020-07-17","jmp","Jumpstart","41","https://scryfall.com/card/jmp/41/plains?utm_source=api"
"Plains","2020-07-17","jmp","Jumpstart","42","https://scryfall.com/card/jmp/42/plains?utm_source=api"
"Plains","2020-07-17","jmp","Jumpstart","43","https://scryfall.com/card/jmp/43/plains?utm_source=api"
"Plains","2020-07-17","jmp","Jumpstart","44","https://scryfall.com/card/jmp/44/plains?utm_source=api"
"Plains","2020-07-17","jmp","Jumpstart","45","https://scryfall.com/card/jmp/45/plains?utm_source=api"
"Plains","2020-08-07","2xm","Double Masters","373","https://scryfall.com/card/2xm/373/plains?utm_source=api"
"Plains","2020-08-07","2xm","Double Masters","374","https://scryfall.com/card/2xm/374/plains?utm_source=api"
"Plains","2020-09-01","plst","The List","UGL-84","https://scryfall.com/card/plst/UGL-84/plains?utm_source=api"
"Plains","2020-09-25","znr","Zendikar Rising","266","https://scryfall.com/card/znr/266/plains?utm_source=api"
"Plains","2020-09-25","znr","Zendikar Rising","267","https://scryfall.com/card/znr/267/plains?utm_source=api"
"Plains","2020-09-25","znr","Zendikar Rising","268","https://scryfall.com/card/znr/268/plains?utm_source=api"
"Plains","2020-09-25","znr","Zendikar Rising","380","https://scryfall.com/card/znr/380/plains?utm_source=api"
"Plains","2020-11-20","cmr","Commander Legends","504","https://scryfall.com/card/cmr/504/plains?utm_source=api"
"Plains","2020-11-20","cmr","Commander Legends","505","https://scryfall.com/card/cmr/505/plains?utm_source=api"
"Snow-Covered Plains","2021-02-05","khm","Kaldheim","276","https://scryfall.com/card/khm/276/snow-covered-plains?utm_source=api"
"Snow-Covered Plains","2021-02-05","khm","Kaldheim","277","https://scryfall.com/card/khm/277/snow-covered-plains?utm_source=api"
"Plains","2021-02-05","khm","Kaldheim","394","https://scryfall.com/card/khm/394/plains?utm_source=api"
"Plains","2021-04-23","stx","Strixhaven: School of Mages","366","https://scryfall.com/card/stx/366/plains?utm_source=api"
"Plains","2021-04-23","stx","Strixhaven: School of Mages","367","https://scryfall.com/card/stx/367/plains?utm_source=api"
"Plains","2021-06-18","mh2","Modern Horizons 2","481","https://scryfall.com/card/mh2/481/plains?utm_source=api"
"Plains","2021-06-18","mh2","Modern Horizons 2","482","https://scryfall.com/card/mh2/482/plains?utm_source=api"
"Plains","2021-07-23","afr","Adventures in the Forgotten Realms","262","https://scryfall.com/card/afr/262/plains?utm_source=api"
"Plains","2021-07-23","afr","Adventures in the Forgotten Realms","263","https://scryfall.com/card/afr/263/plains?utm_source=api"
"Plains","2021-07-23","afr","Adventures in the Forgotten Realms","264","https://scryfall.com/card/afr/264/plains?utm_source=api"
"Plains","2021-07-23","afr","Adventures in the Forgotten Realms","265","https://scryfall.com/card/afr/265/plains?utm_source=api"
"Plains","2021-09-24","mid","Innistrad: Midnight Hunt","268","https://scryfall.com/card/mid/268/plains?utm_source=api"
"Plains","2021-09-24","mid","Innistrad: Midnight Hunt","269","https://scryfall.com/card/mid/269/plains?utm_source=api"
"Plains","2021-09-24","mid","Innistrad: Midnight Hunt","380","https://scryfall.com/card/mid/380/plains?utm_source=api"
"Plains","2021-11-19","vow","Innistrad: Crimson Vow","268","https://scryfall.com/card/vow/268/plains?utm_source=api"
"Plains","2021-11-19","vow","Innistrad: Crimson Vow","269","https://scryfall.com/card/vow/269/plains?utm_source=api"
"Plains","2021-11-19","vow","Innistrad: Crimson Vow","398","https://scryfall.com/card/vow/398/plains?utm_source=api"
"Plains","2021-11-19","vow","Innistrad: Crimson Vow","408","https://scryfall.com/card/vow/408/plains?utm_source=api"
"Plains","2022-02-18","neo","Kamigawa: Neon Dynasty","283","https://scryfall.com/card/neo/283/plains?utm_source=api"
"Plains","2022-02-18","neo","Kamigawa: Neon Dynasty","284","https://scryfall.com/card/neo/284/plains?utm_source=api"
"Plains","2022-04-29","snc","Streets of New Capenna","262","https://scryfall.com/card/snc/262/plains?utm_source=api"
"Plains","2022-04-29","snc","Streets of New Capenna","263","https://scryfall.com/card/snc/263/plains?utm_source=api"
"Plains","2022-04-29","snc","Streets of New Capenna","272","https://scryfall.com/card/snc/272/plains?utm_source=api"
"Plains","2022-04-29","snc","Streets of New Capenna","273","https://scryfall.com/card/snc/273/plains?utm_source=api"
"Plains","2022-06-10","clb","Commander Legends: Battle for Baldur's Gate","451","https://scryfall.com/card/clb/451/plains?utm_source=api"
"Plains","2022-06-10","clb","Commander Legends: Battle for Baldur's Gate","452","https://scryfall.com/card/clb/452/plains?utm_source=api"
"Plains","2022-06-10","clb","Commander Legends: Battle for Baldur's Gate","453","https://scryfall.com/card/clb/453/plains?utm_source=api"
"Plains","2022-06-10","clb","Commander Legends: Battle for Baldur's Gate","454","https://scryfall.com/card/clb/454/plains?utm_source=api"
"Plains","2022-09-09","dmu","Dominaria United","262","https://scryfall.com/card/dmu/262/plains?utm_source=api"
"Plains","2022-09-09","dmu","Dominaria United","263","https://scryfall.com/card/dmu/263/plains?utm_source=api"
"Plains","2022-09-09","dmu","Dominaria United","264","https://scryfall.com/card/dmu/264/plains?utm_source=api"
"Plains","2022-09-09","dmu","Dominaria United","277","https://scryfall.com/card/dmu/277/plains?utm_source=api"
"Plains","2022-10-07","40k","Warhammer 40,000 Commander","306","https://scryfall.com/card/40k/306/plains?utm_source=api"
"Plains","2022-10-07","40k","Warhammer 40,000 Commander","306★","https://scryfall.com/card/40k/306%E2%98%85/plains?utm_source=api"
"Plains","2022-10-07","unf","Unfinity","235","https://scryfall.com/card/unf/235/plains?utm_source=api"
"Plains","2022-10-07","unf","Unfinity","240","https://scryfall.com/card/unf/240/plains?utm_source=api"
"Plains","2022-10-07","unf","Unfinity","486","https://scryfall.com/card/unf/486/plains?utm_source=api"
"Plains","2022-10-07","unf","Unfinity","491","https://scryfall.com/card/unf/491/plains?utm_source=api"
"Plains","2022-10-14","gn3","Game Night: Free-for-All","122","https://scryfall.com/card/gn3/122/plains?utm_source=api"
"Plains","2022-10-14","gn3","Game Night: Free-for-All","123","https://scryfall.com/card/gn3/123/plains?utm_source=api"
"Plains","2022-10-14","gn3","Game Night: Free-for-All","124","https://scryfall.com/card/gn3/124/plains?utm_source=api"
"Plains","2022-11-18","brc","The Brothers' War Commander","29","https://scryfall.com/card/brc/29/plains?utm_source=api"
"Plains","2022-11-18","brc","The Brothers' War Commander","30","https://scryfall.com/card/brc/30/plains?utm_source=api"
"Plains","2022-11-18","bro","The Brothers' War","268","https://scryfall.com/card/bro/268/plains?utm_source=api"
"Plains","2022-11-18","bro","The Brothers' War","269","https://scryfall.com/card/bro/269/plains?utm_source=api"
"Plains","2022-11-18","bro","The Brothers' War","278","https://scryfall.com/card/bro/278/plains?utm_source=api"
"Plains","2022-11-18","bro","The Brothers' War","279","https://scryfall.com/card/bro/279/plains?utm_source=api"
"Plains","2022-11-28","30a","30th Anniversary Edition","283","https://scryfall.com/card/30a/283/plains?utm_source=api"
"Plains","2022-11-28","30a","30th Anniversary Edition","284","https://scryfall.com/card/30a/284/plains?utm_source=api"
"Plains","2022-11-28","30a","30th Anniversary Edition","285","https://scryfall.com/card/30a/285/plains?utm_source=api"
"Plains","2022-11-28","30a","30th Anniversary Edition","580","https://scryfall.com/card/30a/580/plains?utm_source=api"
"Plains","2022-11-28","30a","30th Anniversary Edition","581","https://scryfall.com/card/30a/581/plains?utm_source=api"
"Plains","2022-11-28","30a","30th Anniversary Edition","582","https://scryfall.com/card/30a/582/plains?utm_source=api"
"Plains","2022-12-02","j22","Jumpstart 2022","100","https://scryfall.com/card/j22/100/plains?utm_source=api"
"Plains","2022-12-02","j22","Jumpstart 2022","98","https://scryfall.com/card/j22/98/plains?utm_source=api"
"Plains","2022-12-02","j22","Jumpstart 2022","99","https://scryfall.com/card/j22/99/plains?utm_source=api"
"Plains","2022-12-02","scd","Starter Commander Decks","333","https://scryfall.com/card/scd/333/plains?utm_source=api"
"Plains","2022-12-02","scd","Starter Commander Decks","334","https://scryfall.com/card/scd/334/plains?utm_source=api"
"Plains","2022-12-02","scd","Starter Commander Decks","335","https://scryfall.com/card/scd/335/plains?utm_source=api"
"Plains","2022-12-02","scd","Starter Commander Decks","336","https://scryfall.com/card/scd/336/plains?utm_source=api"
"Plains","2023-01-01","p23","Judge Gift Cards 2023","6","https://scryfall.com/card/p23/6/plains?utm_source=api"
"Plains","2023-01-13","dmr","Dominaria Remastered","402","https://scryfall.com/card/dmr/402/plains?utm_source=api"
"Plains","2023-01-13","dmr","Dominaria Remastered","403","https://scryfall.com/card/dmr/403/plains?utm_source=api"
"Plains","2023-02-10","one","Phyrexia: All Will Be One","262","https://scryfall.com/card/one/262/plains?utm_source=api"
"Plains","2023-02-10","one","Phyrexia: All Will Be One","272","https://scryfall.com/card/one/272/plains?utm_source=api"
"Plains","2023-04-21","mom","March of the Machine","277","https://scryfall.com/card/mom/277/plains?utm_source=api"
"Plains","2023-04-21","mom","March of the Machine","282","https://scryfall.com/card/mom/282/plains?utm_source=api"
"Plains","2023-04-21","mom","March of the Machine","283","https://scryfall.com/card/mom/283/plains?utm_source=api"
"Plains","2023-05-08","plst","The List","AKH-256","https://scryfall.com/card/plst/AKH-256/plains?utm_source=api"
"Plains","2023-06-23","ltr","The Lord of the Rings: Tales of Middle-earth","262","https://scryfall.com/card/ltr/262/plains?utm_source=api"
"Plains","2023-06-23","ltr","The Lord of the Rings: Tales of Middle-earth","263","https://scryfall.com/card/ltr/263/plains?utm_source=api"
"Plains","2023-06-23","ltr","The Lord of the Rings: Tales of Middle-earth","272","https://scryfall.com/card/ltr/272/plains?utm_source=api"
"Plains","2023-06-23","ltr","The Lord of the Rings: Tales of Middle-earth","273","https://scryfall.com/card/ltr/273/plains?utm_source=api"
"Plains","2023-08-04","cmm","Commander Masters","437","https://scryfall.com/card/cmm/437/plains?utm_source=api"
"Plains","2023-08-04","cmm","Commander Masters","438","https://scryfall.com/card/cmm/438/plains?utm_source=api"
"Plains","2023-08-04","cmm","Commander Masters","439","https://scryfall.com/card/cmm/439/plains?utm_source=api"
"Plains","2023-08-04","cmm","Commander Masters","783","https://scryfall.com/card/cmm/783/plains?utm_source=api"
"Plains","2023-08-04","cmm","Commander Masters","784","https://scryfall.com/card/cmm/784/plains?utm_source=api"
"Plains","2023-08-04","cmm","Commander Masters","785","https://scryfall.com/card/cmm/785/plains?utm_source=api"
"Plains","2023-08-04","cmm","Commander Masters","786","https://scryfall.com/card/cmm/786/plains?utm_source=api"
"Plains","2023-08-04","cmm","Commander Masters","787","https://scryfall.com/card/cmm/787/plains?utm_source=api"
"Plains","2023-09-08","woe","Wilds of Eldraine","262","https://scryfall.com/card/woe/262/plains?utm_source=api"
"Plains","2023-09-08","woe","Wilds of Eldraine","267","https://scryfall.com/card/woe/267/plains?utm_source=api"
"Plains","2023-09-08","woe","Wilds of Eldraine","268","https://scryfall.com/card/woe/268/plains?utm_source=api"
"Plains","2023-10-13","who","Doctor Who","1156","https://scryfall.com/card/who/1156/plains?utm_source=api"
"Plains","2023-10-13","who","Doctor Who","1157","https://scryfall.com/card/who/1157/plains?utm_source=api"
"Plains","2023-10-13","who","Doctor Who","196","https://scryfall.com/card/who/196/plains?utm_source=api"
"Plains","2023-10-13","who","Doctor Who","197","https://scryfall.com/card/who/197/plains?utm_source=api"
"Plains","2023-11-03","ltr","The Lord of the Rings: Tales of Middle-earth","713","https://scryfall.com/card/ltr/713/plains?utm_source=api"
"Plains","2023-11-03","ltr","The Lord of the Rings: Tales of Middle-earth","714","https://scryfall.com/card/ltr/714/plains?utm_source=api"
"Plains","2023-11-17","lci","The Lost Caverns of Ixalan","287","https://scryfall.com/card/lci/287/plains?utm_source=api"
"Plains","2023-11-17","lci","The Lost Caverns of Ixalan","393","https://scryfall.com/card/lci/393/plains?utm_source=api"
"Plains","2023-11-17","lci","The Lost Caverns of Ixalan","394","https://scryfall.com/card/lci/394/plains?utm_source=api"
"Plains // Plains","2023-11-17","rex","Jurassic World Collection","21","https://scryfall.com/card/rex/21/plains-plains?utm_source=api"
"Plains","2024-02-09","mkm","Murders at Karlov Manor","272","https://scryfall.com/card/mkm/272/plains?utm_source=api"
"Plains","2024-02-09","mkm","Murders at Karlov Manor","277","https://scryfall.com/card/mkm/277/plains?utm_source=api"
"Plains","2024-02-09","mkm","Murders at Karlov Manor","278","https://scryfall.com/card/mkm/278/plains?utm_source=api"
"Plains","2024-02-10","pss4","MKM Standard Showdown","1","https://scryfall.com/card/pss4/1/plains?utm_source=api"
"Plains","2024-02-23","clu","Ravnica: Clue Edition","254","https://scryfall.com/card/clu/254/plains?utm_source=api"
"Plains","2024-02-23","clu","Ravnica: Clue Edition","255","https://scryfall.com/card/clu/255/plains?utm_source=api"
"Plains","2024-02-23","clu","Ravnica: Clue Edition","256","https://scryfall.com/card/clu/256/plains?utm_source=api"
"Plains","2024-02-23","clu","Ravnica: Clue Edition","257","https://scryfall.com/card/clu/257/plains?utm_source=api"
"Plains","2024-03-08","pip","Fallout","317","https://scryfall.com/card/pip/317/plains?utm_source=api"
"Plains","2024-03-08","pip","Fallout","318","https://scryfall.com/card/pip/318/plains?utm_source=api"
"Plains","2024-03-08","pip","Fallout","845","https://scryfall.com/card/pip/845/plains?utm_source=api"
"Plains","2024-03-08","pip","Fallout","846","https://scryfall.com/card/pip/846/plains?utm_source=api"
"Plains","2024-04-19","otj","Outlaws of Thunder Junction","272","https://scryfall.com/card/otj/272/plains?utm_source=api"
"Plains","2024-04-19","otj","Outlaws of Thunder Junction","277","https://scryfall.com/card/otj/277/plains?utm_source=api"
"Plains","2024-04-19","otj","Outlaws of Thunder Junction","278","https://scryfall.com/card/otj/278/plains?utm_source=api"
"Plains","2024-06-14","mh3","Modern Horizons 3","304","https://scryfall.com/card/mh3/304/plains?utm_source=api"
"Plains","2024-06-14","mh3","Modern Horizons 3","310","https://scryfall.com/card/mh3/310/plains?utm_source=api"
"Plains","2024-06-14","mh3","Modern Horizons 3","311","https://scryfall.com/card/mh3/311/plains?utm_source=api"
"Plains","2024-06-14","mh3","Modern Horizons 3","497","https://scryfall.com/card/mh3/497/plains?utm_source=api"
"Plains","2024-06-14","mh3","Modern Horizons 3","498","https://scryfall.com/card/mh3/498/plains?utm_source=api"
"Plains","2024-07-05","acr","Assassin's Creed","101","https://scryfall.com/card/acr/101/plains?utm_source=api"
"Plains","2024-07-05","acr","Assassin's Creed","102","https://scryfall.com/card/acr/102/plains?utm_source=api"
"Plains","2024-07-05","acr","Assassin's Creed","302","https://scryfall.com/card/acr/302/plains?utm_source=api"
"Plains","2024-08-02","blb","Bloomburrow","262","https://scryfall.com/card/blb/262/plains?utm_source=api"
"Plains","2024-08-02","blb","Bloomburrow","263","https://scryfall.com/card/blb/263/plains?utm_source=api"
"Plains","2024-08-02","blb","Bloomburrow","264","https://scryfall.com/card/blb/264/plains?utm_source=api"
"Plains","2024-08-02","blb","Bloomburrow","265","https://scryfall.com/card/blb/265/plains?utm_source=api"
"Plains","2024-08-02","blb","Bloomburrow","369","https://scryfall.com/card/blb/369/plains?utm_source=api"
"Plains","2024-08-02","blb","Bloomburrow","370","https://scryfall.com/card/blb/370/plains?utm_source=api"
"Snow-Covered Plains","2024-08-02","mb2","Mystery Booster 2","116","https://scryfall.com/card/mb2/116/snow-covered-plains?utm_source=api"
"Plains","2024-09-27","dsk","Duskmourn: House of Horror","272","https://scryfall.com/card/dsk/272/plains?utm_source=api"
"Plains","2024-09-27","dsk","Duskmourn: House of Horror","277","https://scryfall.com/card/dsk/277/plains?utm_source=api"
"Plains","2024-09-27","dsk","Duskmourn: House of Horror","278","https://scryfall.com/card/dsk/278/plains?utm_source=api"
"Plains","2024-09-30","plst","The List","LCI-394","https://scryfall.com/card/plst/LCI-394/plains?utm_source=api"
"Plains","2024-09-30","plst","The List","MKM-278","https://scryfall.com/card/plst/MKM-278/plains?utm_source=api"
"Plains","2024-09-30","plst","The List","WOE-268","https://scryfall.com/card/plst/WOE-268/plains?utm_source=api"
"Plains","2024-11-15","fdn","Foundations","272","https://scryfall.com/card/fdn/272/plains?utm_source=api"
"Plains","2024-11-15","fdn","Foundations","273","https://scryfall.com/card/fdn/273/plains?utm_source=api"
"Plains","2024-11-15","fdn","Foundations","282","https://scryfall.com/card/fdn/282/plains?utm_source=api"
"Plains","2024-11-15","fdn","Foundations","283","https://scryfall.com/card/fdn/283/plains?utm_source=api"
"Plains","2024-11-15","j25","Foundations Jumpstart","81","https://scryfall.com/card/j25/81/plains?utm_source=api"
"Plains","2024-11-15","j25","Foundations Jumpstart","82","https://scryfall.com/card/j25/82/plains?utm_source=api"
"Plains","2024-11-15","j25","Foundations Jumpstart","83","https://scryfall.com/card/j25/83/plains?utm_source=api"
"Plains","2024-12-02","plst","The List","NEO-283","https://scryfall.com/card/plst/NEO-283/plains?utm_source=api"
"Plains","2025-01-24","inr","Innistrad Remastered","288","https://scryfall.com/card/inr/288/plains?utm_source=api"
"Plains","2025-01-24","inr","Innistrad Remastered","289","https://scryfall.com/card/inr/289/plains?utm_source=api"
"Plains","2025-02-14","dft","Aetherdrift","272","https://scryfall.com/card/dft/272/plains?utm_source=api"
"Plains","2025-02-14","dft","Aetherdrift","277","https://scryfall.com/card/dft/277/plains?utm_source=api"
"Plains","2025-02-14","dft","Aetherdrift","278","https://scryfall.com/card/dft/278/plains?utm_source=api"
"Plains","2025-02-14","dft","Aetherdrift","279","https://scryfall.com/card/dft/279/plains?utm_source=api"
"Plains","2025-02-14","dft","Aetherdrift","507","https://scryfall.com/card/dft/507/plains?utm_source=api"
"Plains","2025-02-14","dft","Aetherdrift","512","https://scryfall.com/card/dft/512/plains?utm_source=api"
"Plains","2025-04-11","tdm","Tarkir: Dragonstorm","272","https://scryfall.com/card/tdm/272/plains?utm_source=api"
"Plains","2025-04-11","tdm","Tarkir: Dragonstorm","277","https://scryfall.com/card/tdm/277/plains?utm_source=api"
"Plains","2025-04-11","tdm","Tarkir: Dragonstorm","278","https://scryfall.com/card/tdm/278/plains?utm_source=api"
"Plains","2025-04-11","tdm","Tarkir: Dragonstorm","287","https://scryfall.com/card/tdm/287/plains?utm_source=api"
"Plains","2025-05-12","plst","The List","JMP-41","https://scryfall.com/card/plst/JMP-41/plains?utm_source=api"
"Plains","2025-05-12","plst","The List","JMP-43","https://scryfall.com/card/plst/JMP-43/plains?utm_source=api"
"Plains","2025-05-12","plst","The List","JMP-45","https://scryfall.com/card/plst/JMP-45/plains?utm_source=api"
"Plains","2025-06-13","fin","Final Fantasy","294","https://scryfall.com/card/fin/294/plains?utm_source=api"
"Plains","2025-06-13","fin","Final Fantasy","295","https://scryfall.com/card/fin/295/plains?utm_source=api"
"Plains","2025-06-13","fin","Final Fantasy","296","https://scryfall.com/card/fin/296/plains?utm_source=api"
"Plains","2025-06-13","fin","Final Fantasy","572","https://scryfall.com/card/fin/572/plains?utm_source=api"
"Plains","2025-08-01","eoe","Edge of Eternities","262","https://scryfall.com/card/eoe/262/plains?utm_source=api"
"Plains","2025-08-01","eoe","Edge of Eternities","267","https://scryfall.com/card/eoe/267/plains?utm_source=api"
"Plains","2025-08-01","eoe","Edge of Eternities","268","https://scryfall.com/card/eoe/268/plains?utm_source=api"
"Plains","2025-08-01","eoe","Edge of Eternities","367","https://scryfall.com/card/eoe/367/plains?utm_source=api"
"Plains","2025-09-26","spm","Marvel's Spider-Man","189","https://scryfall.com/card/spm/189/plains?utm_source=api"
"Plains","2025-09-26","spm","Marvel's Spider-Man","194","https://scryfall.com/card/spm/194/plains?utm_source=api"
"Plains","2025-11-21","tla","Avatar: The Last Airbender","282","https://scryfall.com/card/tla/282/plains?utm_source=api"
"Plains","2025-11-21","tla","Avatar: The Last Airbender","287","https://scryfall.com/card/tla/287/plains?utm_source=api"
"Plains","2025-11-21","tla","Avatar: The Last Airbender","292","https://scryfall.com/card/tla/292/plains?utm_source=api"
"Plains","2025-11-21","tle","Avatar: The Last Airbender Eternal","297","https://scryfall.com/card/tle/297/plains?utm_source=api"
"Plains","2025-11-21","tle","Avatar: The Last Airbender Eternal","298","https://scryfall.com/card/tle/298/plains?utm_source=api"
"Plains","2025-11-21","tle","Avatar: The Last Airbender Eternal","299","https://scryfall.com/card/tle/299/plains?utm_source=api"
"Plains","2025-11-21","tle","Avatar: The Last Airbender Eternal","300","https://scryfall.com/card/tle/300/plains?utm_source=api"
"Plains","2025-11-21","tle","Avatar: The Last Airbender Eternal","301","https://scryfall.com/card/tle/301/plains?utm_source=api"
"Plains","2025-11-21","tle","Avatar: The Last Airbender Eternal","302","https://scryfall.com/card/tle/302/plains?utm_source=api"
"Plains","2025-11-21","tle","Avatar: The Last Airbender Eternal","303","https://scryfall.com/card/tle/303/plains?utm_source=api"
"Plains","2025-11-21","tle","Avatar: The Last Airbender Eternal","304","https://scryfall.com/card/tle/304/plains?utm_source=api"
"Plains","2025-12-05","fic","Final Fantasy Commander","478","https://scryfall.com/card/fic/478/plains?utm_source=api"
"Plains","2026-01-23","ecl","Lorwyn Eclipsed","269","https://scryfall.com/card/ecl/269/plains?utm_source=api"
"Plains","2026-01-23","ecl","Lorwyn Eclipsed","274","https://scryfall.com/card/ecl/274/plains?utm_source=api"
"Plains","2026-01-23","ecl","Lorwyn Eclipsed","279","https://scryfall.com/card/ecl/279/plains?utm_source=api"
"Plains","2026-02-17","pl26","Year of the Horse 2026","5","https://scryfall.com/card/pl26/5/plains?utm_source=api"
"Plains","2026-03-06","tmt","Teenage Mutant Ninja Turtles","191","https://scryfall.com/card/tmt/191/plains?utm_source=api"
"Plains","2026-03-06","tmt","Teenage Mutant Ninja Turtles","253","https://scryfall.com/card/tmt/253/plains?utm_source=api"
"Plains","2026-03-06","tmt","Teenage Mutant Ninja Turtles","305","https://scryfall.com/card/tmt/305/plains?utm_source=api"
"Plains","2026-03-06","tmt","Teenage Mutant Ninja Turtles","310","https://scryfall.com/card/tmt/310/plains?utm_source=api"
"Plains","2026-03-06","tmt","Teenage Mutant Ninja Turtles","315","https://scryfall.com/card/tmt/315/plains?utm_source=api"
"Plains","2026-04-24","sos","Secrets of Strixhaven","267","https://scryfall.com/card/sos/267/plains?utm_source=api"
"Plains","2026-04-24","sos","Secrets of Strixhaven","272","https://scryfall.com/card/sos/272/plains?utm_source=api"
"Plains","2026-04-24","sos","Secrets of Strixhaven","273","https://scryfall.com/card/sos/273/plains?utm_source=api"
"Plains","2026-06-26","msc","Marvel Super Heroes Commander","866","https://scryfall.com/card/msc/866/plains?utm_source=api"
"Plains","2026-06-26","msc","Marvel Super Heroes Commander","867","https://scryfall.com/card/msc/867/plains?utm_source=api"
"Plains","2026-06-26","msc","Marvel Super Heroes Commander","868","https://scryfall.com/card/msc/868/plains?utm_source=api"
"Plains","2026-06-26","msc","Marvel Super Heroes Commander","869","https://scryfall.com/card/msc/869/plains?utm_source=api"
"Plains","2026-06-26","msc","Marvel Super Heroes Commander","870","https://scryfall.com/card/msc/870/plains?utm_source=api"
"Plains","2026-06-26","msc","Marvel Super Heroes Commander","871","https://scryfall.com/card/msc/871/plains?utm_source=api"
"Plains","2026-06-26","msc","Marvel Super Heroes Commander","872","https://scryfall.com/card/msc/872/plains?utm_source=api"
"Plains","2026-06-26","msc","Marvel Super Heroes Commander","873","https://scryfall.com/card/msc/873/plains?utm_source=api"
"Plains","2026-06-26","msh","Marvel Super Heroes","277","https://scryfall.com/card/msh/277/plains?utm_source=api"
"Plains","2026-06-26","msh","Marvel Super Heroes","278","https://scryfall.com/card/msh/278/plains?utm_source=api"
"Plains","2026-06-26","msh","Marvel Super Heroes","287","https://scryfall.com/card/msh/287/plains?utm_source=api"
"Plains","2026-06-26","msh","Marvel Super Heroes","288","https://scryfall.com/card/msh/288/plains?utm_source=api"
"Plains","2026-06-26","msh","Marvel Super Heroes","433","https://scryfall.com/card/msh/433/plains?utm_source=api"
"Plains","2026-06-26","msh","Marvel Super Heroes","434","https://scryfall.com/card/msh/434/plains?utm_source=api"
